Fecha,ID Sede,ID Servicio,ID Indicador,Num,Den
2024-01-01,1,1,1,18,26
2024-01-01,1,1,2,87,98
2024-01-01,1,1,3,155,54
2024-01-01,1,1,4,66,98
2024-01-01,1,1,5,2,109
2024-01-01,1,2,1,18,31
2024-01-01,1,2,2,82,90
2024-01-01,1,2,3,179,53
2024-01-01,1,2,4,61,91
2024-01-01,1,2,5,4,111
2024-01-01,1,3,1,21,31
2024-01-01,1,3,2,98,104
2024-01-01,1,3,3,327,57
2024-01-01,1,3,4,70,75
2024-01-01,1,3,5,6,94
2024-01-01,1,4,1,20,29
2024-01-01,1,4,2,90,96
2024-01-01,1,4,3,143,46
2024-01-01,1,4,4,66,87
2024-01-01,1,4,5,6,85
2024-01-01,1,5,1,29,29
2024-01-01,1,5,2,91,91
2024-01-01,1,5,3,151,74
2024-01-01,1,5,4,65,87
2024-01-01,1,5,5,5,110
2024-01-01,1,6,1,27,30
2024-01-01,1,6,2,82,96
2024-01-01,1,6,3,289,42
2024-01-01,1,6,4,78,82
2024-01-01,1,6,5,4,50
2024-01-01,1,7,1,24,26
2024-01-01,1,7,2,94,98
2024-01-01,1,7,3,333,80
2024-01-01,1,7,4,70,86
2024-01-01,1,7,5,6,87
2024-01-01,1,8,1,28,28
2024-01-01,1,8,2,98,98
2024-01-01,1,8,3,275,44
2024-01-01,1,8,4,70,95
2024-01-01,1,8,5,12,108
2024-01-01,2,1,1,20,28
2024-01-01,2,1,2,92,104
2024-01-01,2,1,3,356,57
2024-01-01,2,1,4,95,95
2024-01-01,2,1,5,11,68
2024-01-01,2,2,1,30,30
2024-01-01,2,2,2,87,91
2024-01-01,2,2,3,326,42
2024-01-01,2,2,4,85,85
2024-01-01,2,2,5,2,74
2024-01-01,2,3,1,27,28
2024-01-01,2,3,2,86,100
2024-01-01,2,3,3,247,81
2024-01-01,2,3,4,87,87
2024-01-01,2,3,5,5,58
2024-01-01,2,4,1,21,27
2024-01-01,2,4,2,97,107
2024-01-01,2,4,3,311,56
2024-01-01,2,4,4,87,93
2024-01-01,2,4,5,7,114
2024-01-01,2,5,1,21,30
2024-01-01,2,5,2,94,94
2024-01-01,2,5,3,143,71
2024-01-01,2,5,4,63,99
2024-01-01,2,5,5,3,54
2024-01-01,2,6,1,27,27
2024-01-01,2,6,2,99,103
2024-01-01,2,6,3,218,44
2024-01-01,2,6,4,87,87
2024-01-01,2,6,5,5,107
2024-01-01,2,7,1,25,25
2024-01-01,2,7,2,93,93
2024-01-01,2,7,3,188,88
2024-01-01,2,7,4,81,99
2024-01-01,2,7,5,5,54
2024-01-01,2,8,1,20,31
2024-01-01,2,8,2,80,104
2024-01-01,2,8,3,344,86
2024-01-01,2,8,4,76,98
2024-01-01,2,8,5,3,104
2024-01-01,3,1,1,26,26
2024-01-01,3,1,2,99,99
2024-01-01,3,1,3,275,72
2024-01-01,3,1,4,69,81
2024-01-01,3,1,5,3,87
2024-01-01,3,2,1,25,25
2024-01-01,3,2,2,95,100
2024-01-01,3,2,3,148,41
2024-01-01,3,2,4,79,86
2024-01-01,3,2,5,1,70
2024-01-01,3,3,1,27,28
2024-01-01,3,3,2,82,92
2024-01-01,3,3,3,244,86
2024-01-01,3,3,4,77,77
2024-01-01,3,3,5,3,56
2024-01-01,3,4,1,26,32
2024-01-01,3,4,2,88,95
2024-01-01,3,4,3,343,73
2024-01-01,3,4,4,87,94
2024-01-01,3,4,5,9,67
2024-01-01,3,5,1,28,28
2024-01-01,3,5,2,92,99
2024-01-01,3,5,3,286,82
2024-01-01,3,5,4,86,86
2024-01-01,3,5,5,8,106
2024-01-01,3,6,1,21,26
2024-01-01,3,6,2,82,97
2024-01-01,3,6,3,125,61
2024-01-01,3,6,4,93,93
2024-01-01,3,6,5,10,69
2024-01-01,3,7,1,18,28
2024-01-01,3,7,2,92,92
2024-01-01,3,7,3,178,43
2024-01-01,3,7,4,62,77
2024-01-01,3,7,5,2,82
2024-01-01,3,8,1,22,28
2024-01-01,3,8,2,86,105
2024-01-01,3,8,3,153,74
2024-01-01,3,8,4,90,98
2024-01-01,3,8,5,8,71
2024-01-01,4,1,1,21,31
2024-01-01,4,1,2,83,93
2024-01-01,4,1,3,230,82
2024-01-01,4,1,4,86,86
2024-01-01,4,1,5,8,92
2024-01-01,4,2,1,25,25
2024-01-01,4,2,2,100,110
2024-01-01,4,2,3,135,46
2024-01-01,4,2,4,81,87
2024-01-01,4,2,5,4,53
2024-01-01,4,3,1,21,28
2024-01-01,4,3,2,94,107
2024-01-01,4,3,3,228,48
2024-01-01,4,3,4,77,80
2024-01-01,4,3,5,4,99
2024-01-01,4,4,1,25,26
2024-01-01,4,4,2,83,107
2024-01-01,4,4,3,286,43
2024-01-01,4,4,4,60,92
2024-01-01,4,4,5,4,51
2024-01-01,4,5,1,24,27
2024-01-01,4,5,2,95,105
2024-01-01,4,5,3,341,53
2024-01-01,4,5,4,63,87
2024-01-01,4,5,5,7,61
2024-01-01,4,6,1,24,25
2024-01-01,4,6,2,94,98
2024-01-01,4,6,3,228,58
2024-01-01,4,6,4,95,97
2024-01-01,4,6,5,3,102
2024-01-01,4,7,1,22,28
2024-01-01,4,7,2,81,96
2024-01-01,4,7,3,308,77
2024-01-01,4,7,4,63,92
2024-01-01,4,7,5,1,80
2024-01-01,4,8,1,25,25
2024-01-01,4,8,2,96,105
2024-01-01,4,8,3,160,73
2024-01-01,4,8,4,76,76
2024-01-01,4,8,5,3,50
2024-02-01,1,1,1,26,26
2024-02-01,1,1,2,87,92
2024-02-01,1,1,3,150,65
2024-02-01,1,1,4,75,93
2024-02-01,1,1,5,10,114
2024-02-01,1,2,1,25,25
2024-02-01,1,2,2,92,92
2024-02-01,1,2,3,269,82
2024-02-01,1,2,4,93,93
2024-02-01,1,2,5,5,80
2024-02-01,1,3,1,28,28
2024-02-01,1,3,2,87,100
2024-02-01,1,3,3,221,56
2024-02-01,1,3,4,79,79
2024-02-01,1,3,5,6,98
2024-02-01,1,4,1,18,26
2024-02-01,1,4,2,99,104
2024-02-01,1,4,3,145,76
2024-02-01,1,4,4,77,77
2024-02-01,1,4,5,9,67
2024-02-01,1,5,1,20,29
2024-02-01,1,5,2,82,101
2024-02-01,1,5,3,214,55
2024-02-01,1,5,4,70,84
2024-02-01,1,5,5,9,96
2024-02-01,1,6,1,27,29
2024-02-01,1,6,2,96,110
2024-02-01,1,6,3,290,40
2024-02-01,1,6,4,79,92
2024-02-01,1,6,5,3,53
2024-02-01,1,7,1,19,29
2024-02-01,1,7,2,93,93
2024-02-01,1,7,3,189,49
2024-02-01,1,7,4,73,84
2024-02-01,1,7,5,4,83
2024-02-01,1,8,1,26,29
2024-02-01,1,8,2,88,105
2024-02-01,1,8,3,143,43
2024-02-01,1,8,4,87,95
2024-02-01,1,8,5,1,75
2024-02-01,2,1,1,23,25
2024-02-01,2,1,2,94,94
2024-02-01,2,1,3,161,56
2024-02-01,2,1,4,88,98
2024-02-01,2,1,5,12,110
2024-02-01,2,2,1,26,31
2024-02-01,2,2,2,83,90
2024-02-01,2,2,3,346,44
2024-02-01,2,2,4,69,97
2024-02-01,2,2,5,1,109
2024-02-01,2,3,1,27,30
2024-02-01,2,3,2,84,107
2024-02-01,2,3,3,152,67
2024-02-01,2,3,4,76,76
2024-02-01,2,3,5,1,86
2024-02-01,2,4,1,21,30
2024-02-01,2,4,2,83,97
2024-02-01,2,4,3,319,62
2024-02-01,2,4,4,86,92
2024-02-01,2,4,5,12,119
2024-02-01,2,5,1,21,27
2024-02-01,2,5,2,85,95
2024-02-01,2,5,3,126,66
2024-02-01,2,5,4,80,80
2024-02-01,2,5,5,11,92
2024-02-01,2,6,1,22,28
2024-02-01,2,6,2,83,95
2024-02-01,2,6,3,343,64
2024-02-01,2,6,4,76,76
2024-02-01,2,6,5,4,68
2024-02-01,2,7,1,23,32
2024-02-01,2,7,2,87,99
2024-02-01,2,7,3,126,54
2024-02-01,2,7,4,72,96
2024-02-01,2,7,5,6,91
2024-02-01,2,8,1,19,29
2024-02-01,2,8,2,91,98
2024-02-01,2,8,3,250,81
2024-02-01,2,8,4,87,87
2024-02-01,2,8,5,1,82
2024-02-01,3,1,1,22,26
2024-02-01,3,1,2,95,95
2024-02-01,3,1,3,129,56
2024-02-01,3,1,4,78,78
2024-02-01,3,1,5,12,84
2024-02-01,3,2,1,24,30
2024-02-01,3,2,2,96,109
2024-02-01,3,2,3,218,47
2024-02-01,3,2,4,72,93
2024-02-01,3,2,5,1,72
2024-02-01,3,3,1,18,31
2024-02-01,3,3,2,97,106
2024-02-01,3,3,3,304,83
2024-02-01,3,3,4,72,98
2024-02-01,3,3,5,7,86
2024-02-01,3,4,1,26,26
2024-02-01,3,4,2,99,100
2024-02-01,3,4,3,289,60
2024-02-01,3,4,4,78,78
2024-02-01,3,4,5,5,104
2024-02-01,3,5,1,23,31
2024-02-01,3,5,2,89,102
2024-02-01,3,5,3,152,75
2024-02-01,3,5,4,81,81
2024-02-01,3,5,5,11,88
2024-02-01,3,6,1,27,27
2024-02-01,3,6,2,89,108
2024-02-01,3,6,3,260,65
2024-02-01,3,6,4,75,75
2024-02-01,3,6,5,4,76
2024-02-01,3,7,1,30,31
2024-02-01,3,7,2,99,108
2024-02-01,3,7,3,202,81
2024-02-01,3,7,4,88,89
2024-02-01,3,7,5,11,96
2024-02-01,3,8,1,26,28
2024-02-01,3,8,2,85,105
2024-02-01,3,8,3,141,82
2024-02-01,3,8,4,84,84
2024-02-01,3,8,5,6,119
2024-02-01,4,1,1,26,26
2024-02-01,4,1,2,89,97
2024-02-01,4,1,3,326,54
2024-02-01,4,1,4,69,81
2024-02-01,4,1,5,1,43
2024-02-01,4,2,1,25,28
2024-02-01,4,2,2,82,109
2024-02-01,4,2,3,226,69
2024-02-01,4,2,4,72,95
2024-02-01,4,2,5,8,89
2024-02-01,4,3,1,21,31
2024-02-01,4,3,2,94,94
2024-02-01,4,3,3,121,84
2024-02-01,4,3,4,66,99
2024-02-01,4,3,5,4,94
2024-02-01,4,4,1,27,27
2024-02-01,4,4,2,94,106
2024-02-01,4,4,3,262,43
2024-02-01,4,4,4,67,82
2024-02-01,4,4,5,3,98
2024-02-01,4,5,1,28,32
2024-02-01,4,5,2,97,106
2024-02-01,4,5,3,201,78
2024-02-01,4,5,4,88,99
2024-02-01,4,5,5,12,118
2024-02-01,4,6,1,26,31
2024-02-01,4,6,2,85,104
2024-02-01,4,6,3,340,87
2024-02-01,4,6,4,88,90
2024-02-01,4,6,5,4,73
2024-02-01,4,7,1,29,29
2024-02-01,4,7,2,95,106
2024-02-01,4,7,3,181,80
2024-02-01,4,7,4,83,83
2024-02-01,4,7,5,12,49
2024-02-01,4,8,1,21,29
2024-02-01,4,8,2,90,98
2024-02-01,4,8,3,348,60
2024-02-01,4,8,4,65,92
2024-02-01,4,8,5,3,57
2024-03-01,1,1,1,24,28
2024-03-01,1,1,2,86,94
2024-03-01,1,1,3,226,44
2024-03-01,1,1,4,81,88
2024-03-01,1,1,5,8,109
2024-03-01,1,2,1,18,31
2024-03-01,1,2,2,93,96
2024-03-01,1,2,3,351,64
2024-03-01,1,2,4,61,99
2024-03-01,1,2,5,7,113
2024-03-01,1,3,1,18,32
2024-03-01,1,3,2,89,101
2024-03-01,1,3,3,219,88
2024-03-01,1,3,4,88,88
2024-03-01,1,3,5,10,109
2024-03-01,1,4,1,25,28
2024-03-01,1,4,2,88,97
2024-03-01,1,4,3,244,67
2024-03-01,1,4,4,75,75
2024-03-01,1,4,5,11,83
2024-03-01,1,5,1,29,31
2024-03-01,1,5,2,94,95
2024-03-01,1,5,3,279,48
2024-03-01,1,5,4,61,92
2024-03-01,1,5,5,10,90
2024-03-01,1,6,1,19,25
2024-03-01,1,6,2,93,110
2024-03-01,1,6,3,341,48
2024-03-01,1,6,4,71,89
2024-03-01,1,6,5,5,46
2024-03-01,1,7,1,23,31
2024-03-01,1,7,2,94,96
2024-03-01,1,7,3,206,60
2024-03-01,1,7,4,84,99
2024-03-01,1,7,5,7,75
2024-03-01,1,8,1,19,29
2024-03-01,1,8,2,80,105
2024-03-01,1,8,3,258,87
2024-03-01,1,8,4,76,76
2024-03-01,1,8,5,11,68
2024-03-01,2,1,1,26,26
2024-03-01,2,1,2,81,110
2024-03-01,2,1,3,127,88
2024-03-01,2,1,4,72,82
2024-03-01,2,1,5,10,42
2024-03-01,2,2,1,21,27
2024-03-01,2,2,2,94,94
2024-03-01,2,2,3,149,82
2024-03-01,2,2,4,73,93
2024-03-01,2,2,5,12,99
2024-03-01,2,3,1,29,29
2024-03-01,2,3,2,85,101
2024-03-01,2,3,3,275,78
2024-03-01,2,3,4,67,98
2024-03-01,2,3,5,5,60
2024-03-01,2,4,1,26,26
2024-03-01,2,4,2,89,90
2024-03-01,2,4,3,293,76
2024-03-01,2,4,4,85,87
2024-03-01,2,4,5,2,65
2024-03-01,2,5,1,19,28
2024-03-01,2,5,2,99,99
2024-03-01,2,5,3,323,47
2024-03-01,2,5,4,62,93
2024-03-01,2,5,5,9,84
2024-03-01,2,6,1,28,31
2024-03-01,2,6,2,82,101
2024-03-01,2,6,3,285,72
2024-03-01,2,6,4,60,85
2024-03-01,2,6,5,8,93
2024-03-01,2,7,1,24,26
2024-03-01,2,7,2,100,101
2024-03-01,2,7,3,301,69
2024-03-01,2,7,4,79,79
2024-03-01,2,7,5,12,62
2024-03-01,2,8,1,27,29
2024-03-01,2,8,2,95,107
2024-03-01,2,8,3,231,69
2024-03-01,2,8,4,77,98
2024-03-01,2,8,5,4,81
2024-03-01,3,1,1,22,26
2024-03-01,3,1,2,87,104
2024-03-01,3,1,3,238,88
2024-03-01,3,1,4,84,93
2024-03-01,3,1,5,1,83
2024-03-01,3,2,1,23,32
2024-03-01,3,2,2,95,95
2024-03-01,3,2,3,210,53
2024-03-01,3,2,4,76,100
2024-03-01,3,2,5,5,83
2024-03-01,3,3,1,26,29
2024-03-01,3,3,2,90,90
2024-03-01,3,3,3,141,52
2024-03-01,3,3,4,82,82
2024-03-01,3,3,5,9,102
2024-03-01,3,4,1,28,28
2024-03-01,3,4,2,100,105
2024-03-01,3,4,3,245,85
2024-03-01,3,4,4,61,89
2024-03-01,3,4,5,5,51
2024-03-01,3,5,1,24,28
2024-03-01,3,5,2,89,97
2024-03-01,3,5,3,268,82
2024-03-01,3,5,4,86,86
2024-03-01,3,5,5,9,110
2024-03-01,3,6,1,24,30
2024-03-01,3,6,2,90,107
2024-03-01,3,6,3,299,62
2024-03-01,3,6,4,77,89
2024-03-01,3,6,5,5,79
2024-03-01,3,7,1,19,28
2024-03-01,3,7,2,90,96
2024-03-01,3,7,3,310,47
2024-03-01,3,7,4,71,92
2024-03-01,3,7,5,4,64
2024-03-01,3,8,1,22,32
2024-03-01,3,8,2,96,108
2024-03-01,3,8,3,192,78
2024-03-01,3,8,4,72,78
2024-03-01,3,8,5,4,77
2024-03-01,4,1,1,20,30
2024-03-01,4,1,2,80,99
2024-03-01,4,1,3,256,85
2024-03-01,4,1,4,77,79
2024-03-01,4,1,5,1,45
2024-03-01,4,2,1,29,29
2024-03-01,4,2,2,94,94
2024-03-01,4,2,3,245,88
2024-03-01,4,2,4,60,78
2024-03-01,4,2,5,5,113
2024-03-01,4,3,1,25,32
2024-03-01,4,3,2,90,104
2024-03-01,4,3,3,133,51
2024-03-01,4,3,4,83,83
2024-03-01,4,3,5,2,54
2024-03-01,4,4,1,25,31
2024-03-01,4,4,2,92,92
2024-03-01,4,4,3,295,80
2024-03-01,4,4,4,69,76
2024-03-01,4,4,5,10,59
2024-03-01,4,5,1,19,29
2024-03-01,4,5,2,83,97
2024-03-01,4,5,3,315,75
2024-03-01,4,5,4,74,88
2024-03-01,4,5,5,7,106
2024-03-01,4,6,1,25,32
2024-03-01,4,6,2,98,99
2024-03-01,4,6,3,198,67
2024-03-01,4,6,4,63,93
2024-03-01,4,6,5,12,118
2024-03-01,4,7,1,26,26
2024-03-01,4,7,2,96,96
2024-03-01,4,7,3,187,53
2024-03-01,4,7,4,65,96
2024-03-01,4,7,5,4,60
2024-03-01,4,8,1,26,27
2024-03-01,4,8,2,85,92
2024-03-01,4,8,3,224,40
2024-03-01,4,8,4,89,89
2024-03-01,4,8,5,1,77
2024-04-01,1,1,1,22,28
2024-04-01,1,1,2,94,99
2024-04-01,1,1,3,295,44
2024-04-01,1,1,4,76,82
2024-04-01,1,1,5,10,120
2024-04-01,1,2,1,24,28
2024-04-01,1,2,2,93,93
2024-04-01,1,2,3,285,54
2024-04-01,1,2,4,77,79
2024-04-01,1,2,5,2,58
2024-04-01,1,3,1,20,25
2024-04-01,1,3,2,99,99
2024-04-01,1,3,3,331,87
2024-04-01,1,3,4,78,93
2024-04-01,1,3,5,2,96
2024-04-01,1,4,1,29,32
2024-04-01,1,4,2,92,99
2024-04-01,1,4,3,248,57
2024-04-01,1,4,4,91,92
2024-04-01,1,4,5,2,96
2024-04-01,1,5,1,24,25
2024-04-01,1,5,2,99,100
2024-04-01,1,5,3,126,56
2024-04-01,1,5,4,74,77
2024-04-01,1,5,5,10,113
2024-04-01,1,6,1,25,25
2024-04-01,1,6,2,98,98
2024-04-01,1,6,3,315,42
2024-04-01,1,6,4,71,99
2024-04-01,1,6,5,9,100
2024-04-01,1,7,1,22,32
2024-04-01,1,7,2,95,95
2024-04-01,1,7,3,282,67
2024-04-01,1,7,4,65,90
2024-04-01,1,7,5,6,100
2024-04-01,1,8,1,23,31
2024-04-01,1,8,2,83,100
2024-04-01,1,8,3,204,50
2024-04-01,1,8,4,88,88
2024-04-01,1,8,5,11,76
2024-04-01,2,1,1,30,31
2024-04-01,2,1,2,81,107
2024-04-01,2,1,3,142,69
2024-04-01,2,1,4,76,85
2024-04-01,2,1,5,2,81
2024-04-01,2,2,1,26,31
2024-04-01,2,2,2,90,90
2024-04-01,2,2,3,225,69
2024-04-01,2,2,4,72,76
2024-04-01,2,2,5,6,106
2024-04-01,2,3,1,28,32
2024-04-01,2,3,2,81,104
2024-04-01,2,3,3,188,53
2024-04-01,2,3,4,68,92
2024-04-01,2,3,5,8,76
2024-04-01,2,4,1,19,32
2024-04-01,2,4,2,90,90
2024-04-01,2,4,3,324,78
2024-04-01,2,4,4,70,82
2024-04-01,2,4,5,9,79
2024-04-01,2,5,1,25,25
2024-04-01,2,5,2,82,103
2024-04-01,2,5,3,335,54
2024-04-01,2,5,4,78,78
2024-04-01,2,5,5,11,55
2024-04-01,2,6,1,25,27
2024-04-01,2,6,2,96,99
2024-04-01,2,6,3,189,85
2024-04-01,2,6,4,88,88
2024-04-01,2,6,5,4,100
2024-04-01,2,7,1,26,32
2024-04-01,2,7,2,92,94
2024-04-01,2,7,3,355,52
2024-04-01,2,7,4,92,94
2024-04-01,2,7,5,2,57
2024-04-01,2,8,1,29,29
2024-04-01,2,8,2,90,103
2024-04-01,2,8,3,249,90
2024-04-01,2,8,4,60,83
2024-04-01,2,8,5,12,76
2024-04-01,3,1,1,27,29
2024-04-01,3,1,2,95,108
2024-04-01,3,1,3,234,49
2024-04-01,3,1,4,90,92
2024-04-01,3,1,5,6,84
2024-04-01,3,2,1,25,31
2024-04-01,3,2,2,86,100
2024-04-01,3,2,3,181,84
2024-04-01,3,2,4,84,93
2024-04-01,3,2,5,7,69
2024-04-01,3,3,1,23,25
2024-04-01,3,3,2,92,105
2024-04-01,3,3,3,289,64
2024-04-01,3,3,4,69,100
2024-04-01,3,3,5,1,103
2024-04-01,3,4,1,26,27
2024-04-01,3,4,2,90,108
2024-04-01,3,4,3,343,46
2024-04-01,3,4,4,66,89
2024-04-01,3,4,5,8,107
2024-04-01,3,5,1,25,25
2024-04-01,3,5,2,93,94
2024-04-01,3,5,3,159,81
2024-04-01,3,5,4,77,77
2024-04-01,3,5,5,6,73
2024-04-01,3,6,1,28,31
2024-04-01,3,6,2,90,92
2024-04-01,3,6,3,339,83
2024-04-01,3,6,4,84,92
2024-04-01,3,6,5,11,80
2024-04-01,3,7,1,26,32
2024-04-01,3,7,2,91,91
2024-04-01,3,7,3,180,44
2024-04-01,3,7,4,78,95
2024-04-01,3,7,5,12,69
2024-04-01,3,8,1,24,26
2024-04-01,3,8,2,93,93
2024-04-01,3,8,3,343,85
2024-04-01,3,8,4,78,78
2024-04-01,3,8,5,12,61
2024-04-01,4,1,1,18,29
2024-04-01,4,1,2,90,91
2024-04-01,4,1,3,134,90
2024-04-01,4,1,4,82,84
2024-04-01,4,1,5,7,87
2024-04-01,4,2,1,21,27
2024-04-01,4,2,2,93,106
2024-04-01,4,2,3,294,76
2024-04-01,4,2,4,71,100
2024-04-01,4,2,5,3,61
2024-04-01,4,3,1,26,26
2024-04-01,4,3,2,99,102
2024-04-01,4,3,3,181,83
2024-04-01,4,3,4,69,90
2024-04-01,4,3,5,8,69
2024-04-01,4,4,1,25,29
2024-04-01,4,4,2,80,98
2024-04-01,4,4,3,350,69
2024-04-01,4,4,4,84,84
2024-04-01,4,4,5,2,60
2024-04-01,4,5,1,23,32
2024-04-01,4,5,2,89,108
2024-04-01,4,5,3,228,80
2024-04-01,4,5,4,76,97
2024-04-01,4,5,5,5,98
2024-04-01,4,6,1,24,28
2024-04-01,4,6,2,83,105
2024-04-01,4,6,3,217,55
2024-04-01,4,6,4,82,93
2024-04-01,4,6,5,5,113
2024-04-01,4,7,1,18,29
2024-04-01,4,7,2,88,102
2024-04-01,4,7,3,264,40
2024-04-01,4,7,4,63,96
2024-04-01,4,7,5,12,117
2024-04-01,4,8,1,22,32
2024-04-01,4,8,2,97,97
2024-04-01,4,8,3,176,62
2024-04-01,4,8,4,72,95
2024-04-01,4,8,5,5,119
2024-05-01,1,1,1,27,27
2024-05-01,1,1,2,93,93
2024-05-01,1,1,3,130,81
2024-05-01,1,1,4,84,84
2024-05-01,1,1,5,10,44
2024-05-01,1,2,1,29,30
2024-05-01,1,2,2,82,94
2024-05-01,1,2,3,203,58
2024-05-01,1,2,4,86,98
2024-05-01,1,2,5,4,62
2024-05-01,1,3,1,27,27
2024-05-01,1,3,2,91,107
2024-05-01,1,3,3,248,73
2024-05-01,1,3,4,70,83
2024-05-01,1,3,5,8,72
2024-05-01,1,4,1,29,29
2024-05-01,1,4,2,83,100
2024-05-01,1,4,3,139,69
2024-05-01,1,4,4,74,79
2024-05-01,1,4,5,9,90
2024-05-01,1,5,1,19,30
2024-05-01,1,5,2,80,102
2024-05-01,1,5,3,257,56
2024-05-01,1,5,4,78,78
2024-05-01,1,5,5,11,87
2024-05-01,1,6,1,27,29
2024-05-01,1,6,2,100,102
2024-05-01,1,6,3,147,63
2024-05-01,1,6,4,74,96
2024-05-01,1,6,5,1,100
2024-05-01,1,7,1,27,30
2024-05-01,1,7,2,97,97
2024-05-01,1,7,3,282,44
2024-05-01,1,7,4,79,89
2024-05-01,1,7,5,2,92
2024-05-01,1,8,1,18,27
2024-05-01,1,8,2,89,91
2024-05-01,1,8,3,149,71
2024-05-01,1,8,4,75,78
2024-05-01,1,8,5,3,108
2024-05-01,2,1,1,25,31
2024-05-01,2,1,2,97,101
2024-05-01,2,1,3,270,66
2024-05-01,2,1,4,69,98
2024-05-01,2,1,5,11,93
2024-05-01,2,2,1,25,26
2024-05-01,2,2,2,93,109
2024-05-01,2,2,3,128,57
2024-05-01,2,2,4,83,97
2024-05-01,2,2,5,8,67
2024-05-01,2,3,1,21,32
2024-05-01,2,3,2,83,101
2024-05-01,2,3,3,214,83
2024-05-01,2,3,4,82,92
2024-05-01,2,3,5,7,47
2024-05-01,2,4,1,21,29
2024-05-01,2,4,2,93,93
2024-05-01,2,4,3,289,45
2024-05-01,2,4,4,61,81
2024-05-01,2,4,5,6,46
2024-05-01,2,5,1,20,28
2024-05-01,2,5,2,86,108
2024-05-01,2,5,3,332,44
2024-05-01,2,5,4,95,99
2024-05-01,2,5,5,10,66
2024-05-01,2,6,1,21,28
2024-05-01,2,6,2,84,100
2024-05-01,2,6,3,350,90
2024-05-01,2,6,4,60,94
2024-05-01,2,6,5,3,75
2024-05-01,2,7,1,26,27
2024-05-01,2,7,2,85,98
2024-05-01,2,7,3,289,47
2024-05-01,2,7,4,68,75
2024-05-01,2,7,5,6,41
2024-05-01,2,8,1,27,28
2024-05-01,2,8,2,80,100
2024-05-01,2,8,3,187,51
2024-05-01,2,8,4,68,76
2024-05-01,2,8,5,9,93
2024-05-01,3,1,1,26,26
2024-05-01,3,1,2,92,92
2024-05-01,3,1,3,319,68
2024-05-01,3,1,4,86,86
2024-05-01,3,1,5,2,115
2024-05-01,3,2,1,26,32
2024-05-01,3,2,2,97,97
2024-05-01,3,2,3,306,42
2024-05-01,3,2,4,93,100
2024-05-01,3,2,5,8,78
2024-05-01,3,3,1,18,25
2024-05-01,3,3,2,92,105
2024-05-01,3,3,3,295,67
2024-05-01,3,3,4,78,78
2024-05-01,3,3,5,2,96
2024-05-01,3,4,1,23,26
2024-05-01,3,4,2,84,109
2024-05-01,3,4,3,152,44
2024-05-01,3,4,4,83,83
2024-05-01,3,4,5,7,81
2024-05-01,3,5,1,25,29
2024-05-01,3,5,2,99,106
2024-05-01,3,5,3,145,67
2024-05-01,3,5,4,67,100
2024-05-01,3,5,5,12,110
2024-05-01,3,6,1,24,28
2024-05-01,3,6,2,87,104
2024-05-01,3,6,3,206,66
2024-05-01,3,6,4,85,89
2024-05-01,3,6,5,12,93
2024-05-01,3,7,1,23,26
2024-05-01,3,7,2,90,103
2024-05-01,3,7,3,185,82
2024-05-01,3,7,4,69,86
2024-05-01,3,7,5,2,100
2024-05-01,3,8,1,19,26
2024-05-01,3,8,2,92,92
2024-05-01,3,8,3,310,46
2024-05-01,3,8,4,83,98
2024-05-01,3,8,5,9,56
2024-05-01,4,1,1,25,25
2024-05-01,4,1,2,97,107
2024-05-01,4,1,3,291,61
2024-05-01,4,1,4,78,78
2024-05-01,4,1,5,11,85
2024-05-01,4,2,1,29,31
2024-05-01,4,2,2,89,91
2024-05-01,4,2,3,199,78
2024-05-01,4,2,4,66,86
2024-05-01,4,2,5,9,113
2024-05-01,4,3,1,20,28
2024-05-01,4,3,2,87,105
2024-05-01,4,3,3,209,46
2024-05-01,4,3,4,83,92
2024-05-01,4,3,5,5,54
2024-05-01,4,4,1,28,28
2024-05-01,4,4,2,97,103
2024-05-01,4,4,3,329,89
2024-05-01,4,4,4,94,94
2024-05-01,4,4,5,10,43
2024-05-01,4,5,1,18,29
2024-05-01,4,5,2,88,95
2024-05-01,4,5,3,315,84
2024-05-01,4,5,4,81,84
2024-05-01,4,5,5,1,84
2024-05-01,4,6,1,20,27
2024-05-01,4,6,2,92,108
2024-05-01,4,6,3,156,44
2024-05-01,4,6,4,61,98
2024-05-01,4,6,5,12,51
2024-05-01,4,7,1,24,28
2024-05-01,4,7,2,94,103
2024-05-01,4,7,3,160,61
2024-05-01,4,7,4,79,86
2024-05-01,4,7,5,10,81
2024-05-01,4,8,1,18,26
2024-05-01,4,8,2,85,94
2024-05-01,4,8,3,278,88
2024-05-01,4,8,4,65,76
2024-05-01,4,8,5,8,74
2024-06-01,1,1,1,25,31
2024-06-01,1,1,2,94,109
2024-06-01,1,1,3,189,66
2024-06-01,1,1,4,81,81
2024-06-01,1,1,5,6,54
2024-06-01,1,2,1,19,31
2024-06-01,1,2,2,98,99
2024-06-01,1,2,3,254,71
2024-06-01,1,2,4,79,96
2024-06-01,1,2,5,4,45
2024-06-01,1,3,1,27,31
2024-06-01,1,3,2,80,91
2024-06-01,1,3,3,197,53
2024-06-01,1,3,4,68,81
2024-06-01,1,3,5,5,72
2024-06-01,1,4,1,19,30
2024-06-01,1,4,2,90,90
2024-06-01,1,4,3,230,87
2024-06-01,1,4,4,68,80
2024-06-01,1,4,5,9,88
2024-06-01,1,5,1,26,28
2024-06-01,1,5,2,91,107
2024-06-01,1,5,3,221,44
2024-06-01,1,5,4,62,98
2024-06-01,1,5,5,1,95
2024-06-01,1,6,1,19,32
2024-06-01,1,6,2,98,100
2024-06-01,1,6,3,266,67
2024-06-01,1,6,4,86,87
2024-06-01,1,6,5,2,77
2024-06-01,1,7,1,18,31
2024-06-01,1,7,2,85,100
2024-06-01,1,7,3,237,79
2024-06-01,1,7,4,83,97
2024-06-01,1,7,5,7,51
2024-06-01,1,8,1,21,26
2024-06-01,1,8,2,98,103
2024-06-01,1,8,3,254,65
2024-06-01,1,8,4,77,77
2024-06-01,1,8,5,12,79
2024-06-01,2,1,1,21,30
2024-06-01,2,1,2,85,100
2024-06-01,2,1,3,250,44
2024-06-01,2,1,4,67,95
2024-06-01,2,1,5,9,107
2024-06-01,2,2,1,28,28
2024-06-01,2,2,2,91,101
2024-06-01,2,2,3,329,86
2024-06-01,2,2,4,69,95
2024-06-01,2,2,5,2,70
2024-06-01,2,3,1,22,27
2024-06-01,2,3,2,85,96
2024-06-01,2,3,3,159,78
2024-06-01,2,3,4,64,99
2024-06-01,2,3,5,11,62
2024-06-01,2,4,1,25,32
2024-06-01,2,4,2,98,108
2024-06-01,2,4,3,294,68
2024-06-01,2,4,4,80,93
2024-06-01,2,4,5,6,120
2024-06-01,2,5,1,25,27
2024-06-01,2,5,2,92,92
2024-06-01,2,5,3,281,68
2024-06-01,2,5,4,77,84
2024-06-01,2,5,5,1,115
2024-06-01,2,6,1,26,30
2024-06-01,2,6,2,89,92
2024-06-01,2,6,3,235,69
2024-06-01,2,6,4,63,76
2024-06-01,2,6,5,5,87
2024-06-01,2,7,1,26,26
2024-06-01,2,7,2,92,92
2024-06-01,2,7,3,249,78
2024-06-01,2,7,4,87,87
2024-06-01,2,7,5,9,114
2024-06-01,2,8,1,25,25
2024-06-01,2,8,2,100,108
2024-06-01,2,8,3,202,52
2024-06-01,2,8,4,90,94
2024-06-01,2,8,5,3,104
2024-06-01,3,1,1,25,25
2024-06-01,3,1,2,90,93
2024-06-01,3,1,3,141,85
2024-06-01,3,1,4,71,91
2024-06-01,3,1,5,4,45
2024-06-01,3,2,1,25,32
2024-06-01,3,2,2,96,106
2024-06-01,3,2,3,160,79
2024-06-01,3,2,4,83,86
2024-06-01,3,2,5,7,76
2024-06-01,3,3,1,30,31
2024-06-01,3,3,2,99,100
2024-06-01,3,3,3,322,43
2024-06-01,3,3,4,81,95
2024-06-01,3,3,5,6,48
2024-06-01,3,4,1,26,26
2024-06-01,3,4,2,89,102
2024-06-01,3,4,3,305,56
2024-06-01,3,4,4,69,96
2024-06-01,3,4,5,2,82
2024-06-01,3,5,1,23,27
2024-06-01,3,5,2,99,99
2024-06-01,3,5,3,289,84
2024-06-01,3,5,4,68,87
2024-06-01,3,5,5,12,116
2024-06-01,3,6,1,22,26
2024-06-01,3,6,2,92,107
2024-06-01,3,6,3,322,81
2024-06-01,3,6,4,68,85
2024-06-01,3,6,5,2,107
2024-06-01,3,7,1,26,31
2024-06-01,3,7,2,80,101
2024-06-01,3,7,3,199,63
2024-06-01,3,7,4,73,80
2024-06-01,3,7,5,8,83
2024-06-01,3,8,1,21,28
2024-06-01,3,8,2,84,94
2024-06-01,3,8,3,195,44
2024-06-01,3,8,4,66,100
2024-06-01,3,8,5,9,104
2024-06-01,4,1,1,25,25
2024-06-01,4,1,2,99,100
2024-06-01,4,1,3,272,48
2024-06-01,4,1,4,69,87
2024-06-01,4,1,5,3,60
2024-06-01,4,2,1,27,27
2024-06-01,4,2,2,81,104
2024-06-01,4,2,3,213,66
2024-06-01,4,2,4,75,96
2024-06-01,4,2,5,10,96
2024-06-01,4,3,1,29,29
2024-06-01,4,3,2,87,104
2024-06-01,4,3,3,181,74
2024-06-01,4,3,4,84,84
2024-06-01,4,3,5,6,64
2024-06-01,4,4,1,25,32
2024-06-01,4,4,2,92,99
2024-06-01,4,4,3,255,72
2024-06-01,4,4,4,70,88
2024-06-01,4,4,5,10,65
2024-06-01,4,5,1,22,27
2024-06-01,4,5,2,91,91
2024-06-01,4,5,3,343,70
2024-06-01,4,5,4,86,86
2024-06-01,4,5,5,12,53
2024-06-01,4,6,1,22,26
2024-06-01,4,6,2,85,92
2024-06-01,4,6,3,235,57
2024-06-01,4,6,4,69,91
2024-06-01,4,6,5,2,95
2024-06-01,4,7,1,25,28
2024-06-01,4,7,2,80,101
2024-06-01,4,7,3,133,66
2024-06-01,4,7,4,87,87
2024-06-01,4,7,5,4,87
2024-06-01,4,8,1,19,31
2024-06-01,4,8,2,87,101
2024-06-01,4,8,3,201,41
2024-06-01,4,8,4,78,78
2024-06-01,4,8,5,3,58
2024-07-01,1,1,1,22,25
2024-07-01,1,1,2,84,105
2024-07-01,1,1,3,300,88
2024-07-01,1,1,4,88,90
2024-07-01,1,1,5,1,118
2024-07-01,1,2,1,18,26
2024-07-01,1,2,2,86,98
2024-07-01,1,2,3,260,49
2024-07-01,1,2,4,93,98
2024-07-01,1,2,5,2,94
2024-07-01,1,3,1,21,29
2024-07-01,1,3,2,83,99
2024-07-01,1,3,3,181,43
2024-07-01,1,3,4,88,88
2024-07-01,1,3,5,2,48
2024-07-01,1,4,1,27,32
2024-07-01,1,4,2,80,107
2024-07-01,1,4,3,251,80
2024-07-01,1,4,4,75,93
2024-07-01,1,4,5,5,58
2024-07-01,1,5,1,18,31
2024-07-01,1,5,2,91,109
2024-07-01,1,5,3,266,55
2024-07-01,1,5,4,71,88
2024-07-01,1,5,5,9,50
2024-07-01,1,6,1,19,30
2024-07-01,1,6,2,97,106
2024-07-01,1,6,3,321,72
2024-07-01,1,6,4,91,91
2024-07-01,1,6,5,7,42
2024-07-01,1,7,1,18,32
2024-07-01,1,7,2,92,110
2024-07-01,1,7,3,184,63
2024-07-01,1,7,4,61,98
2024-07-01,1,7,5,2,85
2024-07-01,1,8,1,21,30
2024-07-01,1,8,2,83,110
2024-07-01,1,8,3,268,89
2024-07-01,1,8,4,81,98
2024-07-01,1,8,5,1,57
2024-07-01,2,1,1,26,30
2024-07-01,2,1,2,100,100
2024-07-01,2,1,3,332,51
2024-07-01,2,1,4,89,99
2024-07-01,2,1,5,11,101
2024-07-01,2,2,1,27,27
2024-07-01,2,2,2,82,94
2024-07-01,2,2,3,318,85
2024-07-01,2,2,4,62,89
2024-07-01,2,2,5,4,77
2024-07-01,2,3,1,25,25
2024-07-01,2,3,2,81,96
2024-07-01,2,3,3,358,60
2024-07-01,2,3,4,84,84
2024-07-01,2,3,5,9,90
2024-07-01,2,4,1,22,32
2024-07-01,2,4,2,91,91
2024-07-01,2,4,3,193,52
2024-07-01,2,4,4,63,86
2024-07-01,2,4,5,5,82
2024-07-01,2,5,1,26,26
2024-07-01,2,5,2,93,101
2024-07-01,2,5,3,310,65
2024-07-01,2,5,4,84,89
2024-07-01,2,5,5,3,83
2024-07-01,2,6,1,29,32
2024-07-01,2,6,2,91,105
2024-07-01,2,6,3,188,73
2024-07-01,2,6,4,65,100
2024-07-01,2,6,5,2,94
2024-07-01,2,7,1,27,31
2024-07-01,2,7,2,95,95
2024-07-01,2,7,3,202,58
2024-07-01,2,7,4,65,78
2024-07-01,2,7,5,11,81
2024-07-01,2,8,1,22,29
2024-07-01,2,8,2,99,104
2024-07-01,2,8,3,229,85
2024-07-01,2,8,4,80,80
2024-07-01,2,8,5,8,84
2024-07-01,3,1,1,25,25
2024-07-01,3,1,2,99,101
2024-07-01,3,1,3,190,67
2024-07-01,3,1,4,63,95
2024-07-01,3,1,5,11,49
2024-07-01,3,2,1,23,31
2024-07-01,3,2,2,85,106
2024-07-01,3,2,3,156,41
2024-07-01,3,2,4,88,94
2024-07-01,3,2,5,3,44
2024-07-01,3,3,1,21,26
2024-07-01,3,3,2,91,110
2024-07-01,3,3,3,218,63
2024-07-01,3,3,4,62,93
2024-07-01,3,3,5,3,117
2024-07-01,3,4,1,23,32
2024-07-01,3,4,2,94,101
2024-07-01,3,4,3,139,88
2024-07-01,3,4,4,68,93
2024-07-01,3,4,5,6,107
2024-07-01,3,5,1,23,31
2024-07-01,3,5,2,88,110
2024-07-01,3,5,3,149,55
2024-07-01,3,5,4,71,75
2024-07-01,3,5,5,9,103
2024-07-01,3,6,1,26,31
2024-07-01,3,6,2,88,93
2024-07-01,3,6,3,186,89
2024-07-01,3,6,4,88,97
2024-07-01,3,6,5,10,67
2024-07-01,3,7,1,29,29
2024-07-01,3,7,2,86,105
2024-07-01,3,7,3,154,47
2024-07-01,3,7,4,77,77
2024-07-01,3,7,5,12,62
2024-07-01,3,8,1,19,32
2024-07-01,3,8,2,91,100
2024-07-01,3,8,3,136,85
2024-07-01,3,8,4,92,92
2024-07-01,3,8,5,5,77
2024-07-01,4,1,1,27,27
2024-07-01,4,1,2,85,110
2024-07-01,4,1,3,212,90
2024-07-01,4,1,4,74,91
2024-07-01,4,1,5,4,55
2024-07-01,4,2,1,21,27
2024-07-01,4,2,2,80,105
2024-07-01,4,2,3,261,63
2024-07-01,4,2,4,83,93
2024-07-01,4,2,5,9,99
2024-07-01,4,3,1,27,27
2024-07-01,4,3,2,82,92
2024-07-01,4,3,3,221,59
2024-07-01,4,3,4,90,97
2024-07-01,4,3,5,7,107
2024-07-01,4,4,1,27,31
2024-07-01,4,4,2,84,92
2024-07-01,4,4,3,284,60
2024-07-01,4,4,4,77,77
2024-07-01,4,4,5,11,99
2024-07-01,4,5,1,20,30
2024-07-01,4,5,2,100,107
2024-07-01,4,5,3,166,77
2024-07-01,4,5,4,68,99
2024-07-01,4,5,5,9,95
2024-07-01,4,6,1,19,25
2024-07-01,4,6,2,84,106
2024-07-01,4,6,3,162,59
2024-07-01,4,6,4,80,80
2024-07-01,4,6,5,6,68
2024-07-01,4,7,1,19,29
2024-07-01,4,7,2,86,98
2024-07-01,4,7,3,261,80
2024-07-01,4,7,4,68,83
2024-07-01,4,7,5,5,120
2024-07-01,4,8,1,26,26
2024-07-01,4,8,2,85,110
2024-07-01,4,8,3,268,77
2024-07-01,4,8,4,70,79
2024-07-01,4,8,5,12,119
2024-08-01,1,1,1,27,30
2024-08-01,1,1,2,80,91
2024-08-01,1,1,3,131,45
2024-08-01,1,1,4,76,95
2024-08-01,1,1,5,10,66
2024-08-01,1,2,1,27,31
2024-08-01,1,2,2,80,110
2024-08-01,1,2,3,347,71
2024-08-01,1,2,4,94,95
2024-08-01,1,2,5,11,77
2024-08-01,1,3,1,25,29
2024-08-01,1,3,2,92,97
2024-08-01,1,3,3,236,59
2024-08-01,1,3,4,63,77
2024-08-01,1,3,5,8,60
2024-08-01,1,4,1,25,31
2024-08-01,1,4,2,86,104
2024-08-01,1,4,3,275,61
2024-08-01,1,4,4,79,79
2024-08-01,1,4,5,12,80
2024-08-01,1,5,1,24,30
2024-08-01,1,5,2,91,94
2024-08-01,1,5,3,263,72
2024-08-01,1,5,4,78,78
2024-08-01,1,5,5,8,70
2024-08-01,1,6,1,22,26
2024-08-01,1,6,2,87,104
2024-08-01,1,6,3,144,49
2024-08-01,1,6,4,76,76
2024-08-01,1,6,5,10,89
2024-08-01,1,7,1,21,31
2024-08-01,1,7,2,90,95
2024-08-01,1,7,3,304,76
2024-08-01,1,7,4,72,85
2024-08-01,1,7,5,8,60
2024-08-01,1,8,1,25,32
2024-08-01,1,8,2,95,99
2024-08-01,1,8,3,143,41
2024-08-01,1,8,4,87,87
2024-08-01,1,8,5,4,98
2024-08-01,2,1,1,27,28
2024-08-01,2,1,2,81,101
2024-08-01,2,1,3,192,43
2024-08-01,2,1,4,90,90
2024-08-01,2,1,5,9,76
2024-08-01,2,2,1,19,25
2024-08-01,2,2,2,84,103
2024-08-01,2,2,3,306,56
2024-08-01,2,2,4,85,86
2024-08-01,2,2,5,1,86
2024-08-01,2,3,1,18,31
2024-08-01,2,3,2,97,108
2024-08-01,2,3,3,212,52
2024-08-01,2,3,4,78,92
2024-08-01,2,3,5,7,49
2024-08-01,2,4,1,30,32
2024-08-01,2,4,2,88,107
2024-08-01,2,4,3,294,79
2024-08-01,2,4,4,67,94
2024-08-01,2,4,5,2,56
2024-08-01,2,5,1,23,31
2024-08-01,2,5,2,97,100
2024-08-01,2,5,3,313,63
2024-08-01,2,5,4,72,79
2024-08-01,2,5,5,9,117
2024-08-01,2,6,1,26,31
2024-08-01,2,6,2,81,91
2024-08-01,2,6,3,155,42
2024-08-01,2,6,4,81,97
2024-08-01,2,6,5,9,100
2024-08-01,2,7,1,20,32
2024-08-01,2,7,2,96,109
2024-08-01,2,7,3,203,48
2024-08-01,2,7,4,80,94
2024-08-01,2,7,5,7,60
2024-08-01,2,8,1,27,29
2024-08-01,2,8,2,96,100
2024-08-01,2,8,3,256,72
2024-08-01,2,8,4,79,90
2024-08-01,2,8,5,1,100
2024-08-01,3,1,1,23,30
2024-08-01,3,1,2,93,93
2024-08-01,3,1,3,198,77
2024-08-01,3,1,4,61,100
2024-08-01,3,1,5,8,116
2024-08-01,3,2,1,28,29
2024-08-01,3,2,2,98,108
2024-08-01,3,2,3,304,54
2024-08-01,3,2,4,76,76
2024-08-01,3,2,5,9,61
2024-08-01,3,3,1,20,31
2024-08-01,3,3,2,81,97
2024-08-01,3,3,3,299,76
2024-08-01,3,3,4,72,78
2024-08-01,3,3,5,8,42
2024-08-01,3,4,1,24,30
2024-08-01,3,4,2,93,94
2024-08-01,3,4,3,172,84
2024-08-01,3,4,4,88,88
2024-08-01,3,4,5,8,118
2024-08-01,3,5,1,25,25
2024-08-01,3,5,2,94,94
2024-08-01,3,5,3,263,53
2024-08-01,3,5,4,85,85
2024-08-01,3,5,5,7,107
2024-08-01,3,6,1,20,30
2024-08-01,3,6,2,97,104
2024-08-01,3,6,3,259,61
2024-08-01,3,6,4,76,86
2024-08-01,3,6,5,8,118
2024-08-01,3,7,1,21,28
2024-08-01,3,7,2,97,98
2024-08-01,3,7,3,177,59
2024-08-01,3,7,4,78,84
2024-08-01,3,7,5,12,66
2024-08-01,3,8,1,23,32
2024-08-01,3,8,2,91,105
2024-08-01,3,8,3,359,75
2024-08-01,3,8,4,77,100
2024-08-01,3,8,5,2,76
2024-08-01,4,1,1,24,31
2024-08-01,4,1,2,84,101
2024-08-01,4,1,3,130,58
2024-08-01,4,1,4,65,84
2024-08-01,4,1,5,8,84
2024-08-01,4,2,1,29,29
2024-08-01,4,2,2,86,105
2024-08-01,4,2,3,331,52
2024-08-01,4,2,4,77,92
2024-08-01,4,2,5,12,111
2024-08-01,4,3,1,20,29
2024-08-01,4,3,2,93,93
2024-08-01,4,3,3,270,87
2024-08-01,4,3,4,75,82
2024-08-01,4,3,5,11,46
2024-08-01,4,4,1,28,28
2024-08-01,4,4,2,81,97
2024-08-01,4,4,3,225,46
2024-08-01,4,4,4,85,85
2024-08-01,4,4,5,11,52
2024-08-01,4,5,1,18,27
2024-08-01,4,5,2,85,107
2024-08-01,4,5,3,287,66
2024-08-01,4,5,4,90,90
2024-08-01,4,5,5,5,65
2024-08-01,4,6,1,22,30
2024-08-01,4,6,2,81,110
2024-08-01,4,6,3,142,89
2024-08-01,4,6,4,74,95
2024-08-01,4,6,5,12,108
2024-08-01,4,7,1,20,25
2024-08-01,4,7,2,85,103
2024-08-01,4,7,3,334,42
2024-08-01,4,7,4,87,87
2024-08-01,4,7,5,12,63
2024-08-01,4,8,1,18,29
2024-08-01,4,8,2,89,90
2024-08-01,4,8,3,274,76
2024-08-01,4,8,4,78,78
2024-08-01,4,8,5,8,76
2024-09-01,1,1,1,20,32
2024-09-01,1,1,2,94,106
2024-09-01,1,1,3,169,57
2024-09-01,1,1,4,67,100
2024-09-01,1,1,5,3,82
2024-09-01,1,2,1,28,32
2024-09-01,1,2,2,85,98
2024-09-01,1,2,3,308,40
2024-09-01,1,2,4,78,85
2024-09-01,1,2,5,11,112
2024-09-01,1,3,1,20,28
2024-09-01,1,3,2,100,109
2024-09-01,1,3,3,331,65
2024-09-01,1,3,4,88,88
2024-09-01,1,3,5,2,81
2024-09-01,1,4,1,28,31
2024-09-01,1,4,2,85,93
2024-09-01,1,4,3,242,48
2024-09-01,1,4,4,75,85
2024-09-01,1,4,5,5,40
2024-09-01,1,5,1,21,31
2024-09-01,1,5,2,88,104
2024-09-01,1,5,3,197,61
2024-09-01,1,5,4,60,93
2024-09-01,1,5,5,11,73
2024-09-01,1,6,1,29,30
2024-09-01,1,6,2,81,97
2024-09-01,1,6,3,150,82
2024-09-01,1,6,4,79,89
2024-09-01,1,6,5,7,60
2024-09-01,1,7,1,29,29
2024-09-01,1,7,2,93,93
2024-09-01,1,7,3,214,58
2024-09-01,1,7,4,74,94
2024-09-01,1,7,5,3,68
2024-09-01,1,8,1,20,32
2024-09-01,1,8,2,99,104
2024-09-01,1,8,3,226,63
2024-09-01,1,8,4,95,97
2024-09-01,1,8,5,9,100
2024-09-01,2,1,1,28,28
2024-09-01,2,1,2,97,97
2024-09-01,2,1,3,140,90
2024-09-01,2,1,4,88,91
2024-09-01,2,1,5,12,107
2024-09-01,2,2,1,19,30
2024-09-01,2,2,2,83,108
2024-09-01,2,2,3,332,43
2024-09-01,2,2,4,92,92
2024-09-01,2,2,5,10,65
2024-09-01,2,3,1,20,27
2024-09-01,2,3,2,96,100
2024-09-01,2,3,3,149,68
2024-09-01,2,3,4,73,96
2024-09-01,2,3,5,8,114
2024-09-01,2,4,1,26,26
2024-09-01,2,4,2,81,104
2024-09-01,2,4,3,153,69
2024-09-01,2,4,4,86,91
2024-09-01,2,4,5,10,98
2024-09-01,2,5,1,25,25
2024-09-01,2,5,2,89,104
2024-09-01,2,5,3,125,86
2024-09-01,2,5,4,76,87
2024-09-01,2,5,5,12,40
2024-09-01,2,6,1,27,28
2024-09-01,2,6,2,81,92
2024-09-01,2,6,3,208,67
2024-09-01,2,6,4,64,97
2024-09-01,2,6,5,1,109
2024-09-01,2,7,1,25,26
2024-09-01,2,7,2,89,91
2024-09-01,2,7,3,166,66
2024-09-01,2,7,4,68,99
2024-09-01,2,7,5,6,93
2024-09-01,2,8,1,25,31
2024-09-01,2,8,2,92,102
2024-09-01,2,8,3,294,45
2024-09-01,2,8,4,94,96
2024-09-01,2,8,5,11,57
2024-09-01,3,1,1,19,30
2024-09-01,3,1,2,95,95
2024-09-01,3,1,3,255,65
2024-09-01,3,1,4,74,79
2024-09-01,3,1,5,1,40
2024-09-01,3,2,1,25,29
2024-09-01,3,2,2,93,107
2024-09-01,3,2,3,217,74
2024-09-01,3,2,4,75,82
2024-09-01,3,2,5,6,98
2024-09-01,3,3,1,22,27
2024-09-01,3,3,2,83,96
2024-09-01,3,3,3,327,42
2024-09-01,3,3,4,86,96
2024-09-01,3,3,5,1,118
2024-09-01,3,4,1,21,28
2024-09-01,3,4,2,83,92
2024-09-01,3,4,3,128,78
2024-09-01,3,4,4,63,89
2024-09-01,3,4,5,12,71
2024-09-01,3,5,1,24,25
2024-09-01,3,5,2,87,104
2024-09-01,3,5,3,175,74
2024-09-01,3,5,4,63,99
2024-09-01,3,5,5,9,57
2024-09-01,3,6,1,21,29
2024-09-01,3,6,2,90,108
2024-09-01,3,6,3,273,76
2024-09-01,3,6,4,80,99
2024-09-01,3,6,5,5,70
2024-09-01,3,7,1,27,27
2024-09-01,3,7,2,87,106
2024-09-01,3,7,3,196,66
2024-09-01,3,7,4,63,83
2024-09-01,3,7,5,10,111
2024-09-01,3,8,1,27,27
2024-09-01,3,8,2,97,103
2024-09-01,3,8,3,132,71
2024-09-01,3,8,4,84,86
2024-09-01,3,8,5,6,107
2024-09-01,4,1,1,24,31
2024-09-01,4,1,2,89,94
2024-09-01,4,1,3,167,64
2024-09-01,4,1,4,94,99
2024-09-01,4,1,5,4,100
2024-09-01,4,2,1,22,28
2024-09-01,4,2,2,94,94
2024-09-01,4,2,3,263,43
2024-09-01,4,2,4,86,88
2024-09-01,4,2,5,9,111
2024-09-01,4,3,1,24,27
2024-09-01,4,3,2,88,97
2024-09-01,4,3,3,204,53
2024-09-01,4,3,4,65,95
2024-09-01,4,3,5,6,97
2024-09-01,4,4,1,26,26
2024-09-01,4,4,2,81,96
2024-09-01,4,4,3,216,57
2024-09-01,4,4,4,62,96
2024-09-01,4,4,5,4,49
2024-09-01,4,5,1,25,28
2024-09-01,4,5,2,90,96
2024-09-01,4,5,3,352,59
2024-09-01,4,5,4,73,75
2024-09-01,4,5,5,12,64
2024-09-01,4,6,1,26,26
2024-09-01,4,6,2,87,105
2024-09-01,4,6,3,274,84
2024-09-01,4,6,4,73,97
2024-09-01,4,6,5,4,90
2024-09-01,4,7,1,30,30
2024-09-01,4,7,2,92,99
2024-09-01,4,7,3,256,69
2024-09-01,4,7,4,82,95
2024-09-01,4,7,5,5,79
2024-09-01,4,8,1,26,30
2024-09-01,4,8,2,94,105
2024-09-01,4,8,3,325,46
2024-09-01,4,8,4,90,98
2024-09-01,4,8,5,4,80
2024-10-01,1,1,1,23,30
2024-10-01,1,1,2,81,103
2024-10-01,1,1,3,341,76
2024-10-01,1,1,4,69,82
2024-10-01,1,1,5,5,42
2024-10-01,1,2,1,22,31
2024-10-01,1,2,2,86,94
2024-10-01,1,2,3,178,61
2024-10-01,1,2,4,75,87
2024-10-01,1,2,5,9,103
2024-10-01,1,3,1,22,30
2024-10-01,1,3,2,100,105
2024-10-01,1,3,3,245,87
2024-10-01,1,3,4,70,89
2024-10-01,1,3,5,3,85
2024-10-01,1,4,1,27,27
2024-10-01,1,4,2,95,107
2024-10-01,1,4,3,354,51
2024-10-01,1,4,4,63,92
2024-10-01,1,4,5,1,107
2024-10-01,1,5,1,26,26
2024-10-01,1,5,2,80,91
2024-10-01,1,5,3,155,66
2024-10-01,1,5,4,74,95
2024-10-01,1,5,5,12,48
2024-10-01,1,6,1,18,27
2024-10-01,1,6,2,96,96
2024-10-01,1,6,3,215,69
2024-10-01,1,6,4,76,76
2024-10-01,1,6,5,1,102
2024-10-01,1,7,1,25,25
2024-10-01,1,7,2,93,107
2024-10-01,1,7,3,124,40
2024-10-01,1,7,4,77,91
2024-10-01,1,7,5,5,108
2024-10-01,1,8,1,25,25
2024-10-01,1,8,2,85,103
2024-10-01,1,8,3,355,46
2024-10-01,1,8,4,78,78
2024-10-01,1,8,5,4,59
2024-10-01,2,1,1,27,28
2024-10-01,2,1,2,88,106
2024-10-01,2,1,3,188,62
2024-10-01,2,1,4,85,100
2024-10-01,2,1,5,6,50
2024-10-01,2,2,1,25,31
2024-10-01,2,2,2,87,108
2024-10-01,2,2,3,177,84
2024-10-01,2,2,4,65,84
2024-10-01,2,2,5,2,44
2024-10-01,2,3,1,24,31
2024-10-01,2,3,2,97,102
2024-10-01,2,3,3,134,70
2024-10-01,2,3,4,60,95
2024-10-01,2,3,5,2,61
2024-10-01,2,4,1,24,32
2024-10-01,2,4,2,90,110
2024-10-01,2,4,3,339,76
2024-10-01,2,4,4,78,78
2024-10-01,2,4,5,4,45
2024-10-01,2,5,1,28,28
2024-10-01,2,5,2,95,108
2024-10-01,2,5,3,131,57
2024-10-01,2,5,4,77,77
2024-10-01,2,5,5,10,109
2024-10-01,2,6,1,20,25
2024-10-01,2,6,2,80,100
2024-10-01,2,6,3,270,53
2024-10-01,2,6,4,79,79
2024-10-01,2,6,5,5,49
2024-10-01,2,7,1,27,27
2024-10-01,2,7,2,97,97
2024-10-01,2,7,3,293,64
2024-10-01,2,7,4,81,92
2024-10-01,2,7,5,12,89
2024-10-01,2,8,1,27,27
2024-10-01,2,8,2,92,92
2024-10-01,2,8,3,208,87
2024-10-01,2,8,4,66,76
2024-10-01,2,8,5,4,95
2024-10-01,3,1,1,23,26
2024-10-01,3,1,2,99,109
2024-10-01,3,1,3,221,78
2024-10-01,3,1,4,80,99
2024-10-01,3,1,5,11,43
2024-10-01,3,2,1,29,29
2024-10-01,3,2,2,95,104
2024-10-01,3,2,3,211,54
2024-10-01,3,2,4,84,92
2024-10-01,3,2,5,3,95
2024-10-01,3,3,1,19,31
2024-10-01,3,3,2,89,109
2024-10-01,3,3,3,302,55
2024-10-01,3,3,4,65,77
2024-10-01,3,3,5,3,74
2024-10-01,3,4,1,29,31
2024-10-01,3,4,2,84,110
2024-10-01,3,4,3,219,87
2024-10-01,3,4,4,83,85
2024-10-01,3,4,5,2,53
2024-10-01,3,5,1,22,25
2024-10-01,3,5,2,91,104
2024-10-01,3,5,3,189,88
2024-10-01,3,5,4,68,78
2024-10-01,3,5,5,3,51
2024-10-01,3,6,1,25,31
2024-10-01,3,6,2,97,107
2024-10-01,3,6,3,224,72
2024-10-01,3,6,4,61,78
2024-10-01,3,6,5,6,51
2024-10-01,3,7,1,26,26
2024-10-01,3,7,2,90,109
2024-10-01,3,7,3,123,64
2024-10-01,3,7,4,84,84
2024-10-01,3,7,5,2,89
2024-10-01,3,8,1,27,28
2024-10-01,3,8,2,85,106
2024-10-01,3,8,3,217,83
2024-10-01,3,8,4,68,80
2024-10-01,3,8,5,5,74
2024-10-01,4,1,1,25,29
2024-10-01,4,1,2,82,94
2024-10-01,4,1,3,231,50
2024-10-01,4,1,4,83,83
2024-10-01,4,1,5,8,78
2024-10-01,4,2,1,23,26
2024-10-01,4,2,2,87,98
2024-10-01,4,2,3,280,86
2024-10-01,4,2,4,72,90
2024-10-01,4,2,5,2,98
2024-10-01,4,3,1,22,27
2024-10-01,4,3,2,90,90
2024-10-01,4,3,3,335,61
2024-10-01,4,3,4,84,94
2024-10-01,4,3,5,8,82
2024-10-01,4,4,1,24,30
2024-10-01,4,4,2,99,110
2024-10-01,4,4,3,196,48
2024-10-01,4,4,4,72,85
2024-10-01,4,4,5,6,101
2024-10-01,4,5,1,24,27
2024-10-01,4,5,2,89,100
2024-10-01,4,5,3,297,87
2024-10-01,4,5,4,91,95
2024-10-01,4,5,5,4,113
2024-10-01,4,6,1,24,30
2024-10-01,4,6,2,92,98
2024-10-01,4,6,3,149,63
2024-10-01,4,6,4,72,93
2024-10-01,4,6,5,9,115
2024-10-01,4,7,1,27,27
2024-10-01,4,7,2,80,107
2024-10-01,4,7,3,238,86
2024-10-01,4,7,4,73,97
2024-10-01,4,7,5,5,96
2024-10-01,4,8,1,26,26
2024-10-01,4,8,2,95,103
2024-10-01,4,8,3,282,48
2024-10-01,4,8,4,75,84
2024-10-01,4,8,5,11,72
2024-11-01,1,1,1,27,27
2024-11-01,1,1,2,92,103
2024-11-01,1,1,3,234,44
2024-11-01,1,1,4,90,94
2024-11-01,1,1,5,7,114
2024-11-01,1,2,1,26,31
2024-11-01,1,2,2,91,91
2024-11-01,1,2,3,349,84
2024-11-01,1,2,4,94,100
2024-11-01,1,2,5,11,116
2024-11-01,1,3,1,19,26
2024-11-01,1,3,2,91,97
2024-11-01,1,3,3,285,50
2024-11-01,1,3,4,62,94
2024-11-01,1,3,5,11,112
2024-11-01,1,4,1,30,31
2024-11-01,1,4,2,93,100
2024-11-01,1,4,3,122,46
2024-11-01,1,4,4,76,78
2024-11-01,1,4,5,9,68
2024-11-01,1,5,1,25,28
2024-11-01,1,5,2,92,101
2024-11-01,1,5,3,317,69
2024-11-01,1,5,4,92,96
2024-11-01,1,5,5,6,59
2024-11-01,1,6,1,25,25
2024-11-01,1,6,2,89,93
2024-11-01,1,6,3,355,66
2024-11-01,1,6,4,67,77
2024-11-01,1,6,5,6,58
2024-11-01,1,7,1,23,29
2024-11-01,1,7,2,86,104
2024-11-01,1,7,3,243,73
2024-11-01,1,7,4,86,86
2024-11-01,1,7,5,8,52
2024-11-01,1,8,1,23,32
2024-11-01,1,8,2,89,92
2024-11-01,1,8,3,327,42
2024-11-01,1,8,4,67,97
2024-11-01,1,8,5,6,42
2024-11-01,2,1,1,26,26
2024-11-01,2,1,2,87,95
2024-11-01,2,1,3,164,73
2024-11-01,2,1,4,70,92
2024-11-01,2,1,5,9,82
2024-11-01,2,2,1,25,31
2024-11-01,2,2,2,92,97
2024-11-01,2,2,3,167,80
2024-11-01,2,2,4,80,80
2024-11-01,2,2,5,1,90
2024-11-01,2,3,1,25,28
2024-11-01,2,3,2,93,108
2024-11-01,2,3,3,121,64
2024-11-01,2,3,4,73,97
2024-11-01,2,3,5,5,66
2024-11-01,2,4,1,26,26
2024-11-01,2,4,2,93,93
2024-11-01,2,4,3,213,51
2024-11-01,2,4,4,72,85
2024-11-01,2,4,5,2,98
2024-11-01,2,5,1,28,29
2024-11-01,2,5,2,96,105
2024-11-01,2,5,3,200,80
2024-11-01,2,5,4,84,94
2024-11-01,2,5,5,7,118
2024-11-01,2,6,1,23,26
2024-11-01,2,6,2,94,101
2024-11-01,2,6,3,164,79
2024-11-01,2,6,4,79,96
2024-11-01,2,6,5,10,118
2024-11-01,2,7,1,26,26
2024-11-01,2,7,2,90,94
2024-11-01,2,7,3,181,47
2024-11-01,2,7,4,67,84
2024-11-01,2,7,5,6,63
2024-11-01,2,8,1,26,27
2024-11-01,2,8,2,93,102
2024-11-01,2,8,3,155,78
2024-11-01,2,8,4,84,93
2024-11-01,2,8,5,3,94
2024-11-01,3,1,1,28,32
2024-11-01,3,1,2,100,107
2024-11-01,3,1,3,262,51
2024-11-01,3,1,4,80,80
2024-11-01,3,1,5,3,76
2024-11-01,3,2,1,23,27
2024-11-01,3,2,2,99,104
2024-11-01,3,2,3,341,43
2024-11-01,3,2,4,60,86
2024-11-01,3,2,5,3,102
2024-11-01,3,3,1,24,28
2024-11-01,3,3,2,96,107
2024-11-01,3,3,3,246,81
2024-11-01,3,3,4,88,88
2024-11-01,3,3,5,12,93
2024-11-01,3,4,1,25,32
2024-11-01,3,4,2,82,95
2024-11-01,3,4,3,127,76
2024-11-01,3,4,4,74,100
2024-11-01,3,4,5,1,77
2024-11-01,3,5,1,21,29
2024-11-01,3,5,2,89,107
2024-11-01,3,5,3,319,50
2024-11-01,3,5,4,89,89
2024-11-01,3,5,5,9,110
2024-11-01,3,6,1,26,26
2024-11-01,3,6,2,88,93
2024-11-01,3,6,3,259,89
2024-11-01,3,6,4,86,86
2024-11-01,3,6,5,12,45
2024-11-01,3,7,1,26,32
2024-11-01,3,7,2,93,96
2024-11-01,3,7,3,308,46
2024-11-01,3,7,4,75,95
2024-11-01,3,7,5,1,78
2024-11-01,3,8,1,22,32
2024-11-01,3,8,2,82,101
2024-11-01,3,8,3,341,68
2024-11-01,3,8,4,75,78
2024-11-01,3,8,5,12,66
2024-11-01,4,1,1,29,30
2024-11-01,4,1,2,100,109
2024-11-01,4,1,3,162,67
2024-11-01,4,1,4,68,94
2024-11-01,4,1,5,4,66
2024-11-01,4,2,1,25,25
2024-11-01,4,2,2,97,101
2024-11-01,4,2,3,272,57
2024-11-01,4,2,4,70,92
2024-11-01,4,2,5,12,81
2024-11-01,4,3,1,22,29
2024-11-01,4,3,2,88,108
2024-11-01,4,3,3,350,72
2024-11-01,4,3,4,66,96
2024-11-01,4,3,5,7,57
2024-11-01,4,4,1,22,25
2024-11-01,4,4,2,84,110
2024-11-01,4,4,3,341,84
2024-11-01,4,4,4,75,79
2024-11-01,4,4,5,12,58
2024-11-01,4,5,1,21,30
2024-11-01,4,5,2,95,102
2024-11-01,4,5,3,267,49
2024-11-01,4,5,4,77,95
2024-11-01,4,5,5,7,120
2024-11-01,4,6,1,25,31
2024-11-01,4,6,2,92,92
2024-11-01,4,6,3,345,90
2024-11-01,4,6,4,65,99
2024-11-01,4,6,5,9,91
2024-11-01,4,7,1,29,29
2024-11-01,4,7,2,94,101
2024-11-01,4,7,3,203,71
2024-11-01,4,7,4,60,93
2024-11-01,4,7,5,12,51
2024-11-01,4,8,1,28,32
2024-11-01,4,8,2,82,101
2024-11-01,4,8,3,256,90
2024-11-01,4,8,4,73,87
2024-11-01,4,8,5,4,94
2024-12-01,1,1,1,22,32
2024-12-01,1,1,2,89,100
2024-12-01,1,1,3,260,61
2024-12-01,1,1,4,68,93
2024-12-01,1,1,5,8,112
2024-12-01,1,2,1,28,30
2024-12-01,1,2,2,81,91
2024-12-01,1,2,3,280,46
2024-12-01,1,2,4,89,100
2024-12-01,1,2,5,2,42
2024-12-01,1,3,1,25,27
2024-12-01,1,3,2,80,104
2024-12-01,1,3,3,171,67
2024-12-01,1,3,4,68,97
2024-12-01,1,3,5,3,78
2024-12-01,1,4,1,19,29
2024-12-01,1,4,2,91,110
2024-12-01,1,4,3,141,56
2024-12-01,1,4,4,70,86
2024-12-01,1,4,5,7,46
2024-12-01,1,5,1,29,29
2024-12-01,1,5,2,93,97
2024-12-01,1,5,3,143,81
2024-12-01,1,5,4,66,97
2024-12-01,1,5,5,4,40
2024-12-01,1,6,1,19,32
2024-12-01,1,6,2,94,94
2024-12-01,1,6,3,252,54
2024-12-01,1,6,4,88,96
2024-12-01,1,6,5,1,41
2024-12-01,1,7,1,19,30
2024-12-01,1,7,2,84,103
2024-12-01,1,7,3,138,70
2024-12-01,1,7,4,82,82
2024-12-01,1,7,5,12,51
2024-12-01,1,8,1,19,26
2024-12-01,1,8,2,91,100
2024-12-01,1,8,3,155,59
2024-12-01,1,8,4,68,87
2024-12-01,1,8,5,2,58
2024-12-01,2,1,1,25,25
2024-12-01,2,1,2,85,110
2024-12-01,2,1,3,209,68
2024-12-01,2,1,4,73,98
2024-12-01,2,1,5,12,120
2024-12-01,2,2,1,24,27
2024-12-01,2,2,2,94,109
2024-12-01,2,2,3,142,53
2024-12-01,2,2,4,68,78
2024-12-01,2,2,5,10,55
2024-12-01,2,3,1,23,31
2024-12-01,2,3,2,90,103
2024-12-01,2,3,3,155,90
2024-12-01,2,3,4,77,82
2024-12-01,2,3,5,4,50
2024-12-01,2,4,1,29,29
2024-12-01,2,4,2,89,90
2024-12-01,2,4,3,252,53
2024-12-01,2,4,4,92,94
2024-12-01,2,4,5,12,64
2024-12-01,2,5,1,22,31
2024-12-01,2,5,2,81,110
2024-12-01,2,5,3,349,90
2024-12-01,2,5,4,75,100
2024-12-01,2,5,5,7,103
2024-12-01,2,6,1,21,26
2024-12-01,2,6,2,100,105
2024-12-01,2,6,3,138,78
2024-12-01,2,6,4,60,91
2024-12-01,2,6,5,6,86
2024-12-01,2,7,1,24,27
2024-12-01,2,7,2,93,108
2024-12-01,2,7,3,259,63
2024-12-01,2,7,4,71,96
2024-12-01,2,7,5,2,100
2024-12-01,2,8,1,25,25
2024-12-01,2,8,2,80,92
2024-12-01,2,8,3,175,56
2024-12-01,2,8,4,63,76
2024-12-01,2,8,5,9,90
2024-12-01,3,1,1,28,29
2024-12-01,3,1,2,93,106
2024-12-01,3,1,3,299,67
2024-12-01,3,1,4,65,87
2024-12-01,3,1,5,9,108
2024-12-01,3,2,1,22,27
2024-12-01,3,2,2,89,92
2024-12-01,3,2,3,250,45
2024-12-01,3,2,4,69,81
2024-12-01,3,2,5,6,108
2024-12-01,3,3,1,27,31
2024-12-01,3,3,2,100,110
2024-12-01,3,3,3,284,83
2024-12-01,3,3,4,77,77
2024-12-01,3,3,5,12,95
2024-12-01,3,4,1,18,28
2024-12-01,3,4,2,82,97
2024-12-01,3,4,3,149,67
2024-12-01,3,4,4,63,89
2024-12-01,3,4,5,11,79
2024-12-01,3,5,1,19,27
2024-12-01,3,5,2,84,90
2024-12-01,3,5,3,122,84
2024-12-01,3,5,4,80,80
2024-12-01,3,5,5,9,84
2024-12-01,3,6,1,20,29
2024-12-01,3,6,2,84,101
2024-12-01,3,6,3,319,87
2024-12-01,3,6,4,67,83
2024-12-01,3,6,5,6,43
2024-12-01,3,7,1,22,31
2024-12-01,3,7,2,82,106
2024-12-01,3,7,3,302,56
2024-12-01,3,7,4,64,93
2024-12-01,3,7,5,8,103
2024-12-01,3,8,1,18,30
2024-12-01,3,8,2,98,105
2024-12-01,3,8,3,214,50
2024-12-01,3,8,4,76,80
2024-12-01,3,8,5,10,53
2024-12-01,4,1,1,21,26
2024-12-01,4,1,2,80,106
2024-12-01,4,1,3,339,42
2024-12-01,4,1,4,75,75
2024-12-01,4,1,5,8,45
2024-12-01,4,2,1,24,30
2024-12-01,4,2,2,85,94
2024-12-01,4,2,3,261,42
2024-12-01,4,2,4,86,100
2024-12-01,4,2,5,6,68
2024-12-01,4,3,1,24,28
2024-12-01,4,3,2,88,100
2024-12-01,4,3,3,266,44
2024-12-01,4,3,4,67,86
2024-12-01,4,3,5,11,104
2024-12-01,4,4,1,20,25
2024-12-01,4,4,2,96,97
2024-12-01,4,4,3,222,42
2024-12-01,4,4,4,77,77
2024-12-01,4,4,5,5,76
2024-12-01,4,5,1,19,30
2024-12-01,4,5,2,94,107
2024-12-01,4,5,3,214,40
2024-12-01,4,5,4,78,81
2024-12-01,4,5,5,5,112
2024-12-01,4,6,1,25,28
2024-12-01,4,6,2,98,101
2024-12-01,4,6,3,317,71
2024-12-01,4,6,4,72,99
2024-12-01,4,6,5,4,109
2024-12-01,4,7,1,18,27
2024-12-01,4,7,2,80,103
2024-12-01,4,7,3,258,54
2024-12-01,4,7,4,60,86
2024-12-01,4,7,5,1,82
2024-12-01,4,8,1,29,31
2024-12-01,4,8,2,83,99
2024-12-01,4,8,3,255,53
2024-12-01,4,8,4,82,82
2024-12-01,4,8,5,1,102
2025-01-01,1,1,1,27,27
2025-01-01,1,1,2,82,98
2025-01-01,1,1,3,355,42
2025-01-01,1,1,4,82,82
2025-01-01,1,1,5,12,92
2025-01-01,1,2,1,25,30
2025-01-01,1,2,2,92,92
2025-01-01,1,2,3,249,46
2025-01-01,1,2,4,79,79
2025-01-01,1,2,5,10,49
2025-01-01,1,3,1,24,25
2025-01-01,1,3,2,87,94
2025-01-01,1,3,3,186,58
2025-01-01,1,3,4,85,85
2025-01-01,1,3,5,6,81
2025-01-01,1,4,1,22,32
2025-01-01,1,4,2,82,97
2025-01-01,1,4,3,154,52
2025-01-01,1,4,4,66,99
2025-01-01,1,4,5,2,59
2025-01-01,1,5,1,25,27
2025-01-01,1,5,2,90,104
2025-01-01,1,5,3,150,66
2025-01-01,1,5,4,82,92
2025-01-01,1,5,5,8,66
2025-01-01,1,6,1,25,29
2025-01-01,1,6,2,83,98
2025-01-01,1,6,3,160,45
2025-01-01,1,6,4,79,100
2025-01-01,1,6,5,1,117
2025-01-01,1,7,1,23,28
2025-01-01,1,7,2,82,94
2025-01-01,1,7,3,183,85
2025-01-01,1,7,4,85,86
2025-01-01,1,7,5,1,105
2025-01-01,1,8,1,22,29
2025-01-01,1,8,2,80,95
2025-01-01,1,8,3,338,65
2025-01-01,1,8,4,89,89
2025-01-01,1,8,5,4,110
2025-01-01,2,1,1,25,26
2025-01-01,2,1,2,84,93
2025-01-01,2,1,3,123,47
2025-01-01,2,1,4,74,76
2025-01-01,2,1,5,4,56
2025-01-01,2,2,1,23,31
2025-01-01,2,2,2,100,110
2025-01-01,2,2,3,269,45
2025-01-01,2,2,4,76,93
2025-01-01,2,2,5,1,49
2025-01-01,2,3,1,21,26
2025-01-01,2,3,2,94,110
2025-01-01,2,3,3,143,48
2025-01-01,2,3,4,81,100
2025-01-01,2,3,5,1,55
2025-01-01,2,4,1,18,32
2025-01-01,2,4,2,95,95
2025-01-01,2,4,3,330,67
2025-01-01,2,4,4,85,98
2025-01-01,2,4,5,1,103
2025-01-01,2,5,1,28,31
2025-01-01,2,5,2,85,103
2025-01-01,2,5,3,174,62
2025-01-01,2,5,4,77,80
2025-01-01,2,5,5,8,75
2025-01-01,2,6,1,18,27
2025-01-01,2,6,2,99,109
2025-01-01,2,6,3,182,79
2025-01-01,2,6,4,78,95
2025-01-01,2,6,5,7,103
2025-01-01,2,7,1,18,32
2025-01-01,2,7,2,88,92
2025-01-01,2,7,3,155,64
2025-01-01,2,7,4,72,88
2025-01-01,2,7,5,4,107
2025-01-01,2,8,1,24,25
2025-01-01,2,8,2,95,101
2025-01-01,2,8,3,320,74
2025-01-01,2,8,4,82,90
2025-01-01,2,8,5,9,112
2025-01-01,3,1,1,24,30
2025-01-01,3,1,2,85,98
2025-01-01,3,1,3,201,41
2025-01-01,3,1,4,74,94
2025-01-01,3,1,5,5,43
2025-01-01,3,2,1,25,25
2025-01-01,3,2,2,96,105
2025-01-01,3,2,3,316,62
2025-01-01,3,2,4,74,93
2025-01-01,3,2,5,2,60
2025-01-01,3,3,1,28,28
2025-01-01,3,3,2,88,97
2025-01-01,3,3,3,328,74
2025-01-01,3,3,4,63,100
2025-01-01,3,3,5,10,68
2025-01-01,3,4,1,23,31
2025-01-01,3,4,2,85,95
2025-01-01,3,4,3,271,55
2025-01-01,3,4,4,82,85
2025-01-01,3,4,5,1,115
2025-01-01,3,5,1,27,30
2025-01-01,3,5,2,84,108
2025-01-01,3,5,3,168,76
2025-01-01,3,5,4,91,100
2025-01-01,3,5,5,5,109
2025-01-01,3,6,1,25,27
2025-01-01,3,6,2,82,91
2025-01-01,3,6,3,179,43
2025-01-01,3,6,4,74,94
2025-01-01,3,6,5,9,42
2025-01-01,3,7,1,18,32
2025-01-01,3,7,2,99,100
2025-01-01,3,7,3,326,52
2025-01-01,3,7,4,79,79
2025-01-01,3,7,5,6,62
2025-01-01,3,8,1,18,25
2025-01-01,3,8,2,94,94
2025-01-01,3,8,3,354,85
2025-01-01,3,8,4,67,79
2025-01-01,3,8,5,6,107
2025-01-01,4,1,1,23,26
2025-01-01,4,1,2,98,102
2025-01-01,4,1,3,206,46
2025-01-01,4,1,4,80,84
2025-01-01,4,1,5,3,57
2025-01-01,4,2,1,30,31
2025-01-01,4,2,2,95,110
2025-01-01,4,2,3,201,81
2025-01-01,4,2,4,80,80
2025-01-01,4,2,5,6,118
2025-01-01,4,3,1,28,28
2025-01-01,4,3,2,85,108
2025-01-01,4,3,3,198,64
2025-01-01,4,3,4,78,98
2025-01-01,4,3,5,3,56
2025-01-01,4,4,1,25,25
2025-01-01,4,4,2,92,108
2025-01-01,4,4,3,265,89
2025-01-01,4,4,4,71,76
2025-01-01,4,4,5,6,117
2025-01-01,4,5,1,28,28
2025-01-01,4,5,2,83,108
2025-01-01,4,5,3,156,71
2025-01-01,4,5,4,64,85
2025-01-01,4,5,5,6,70
2025-01-01,4,6,1,20,30
2025-01-01,4,6,2,82,110
2025-01-01,4,6,3,291,85
2025-01-01,4,6,4,81,95
2025-01-01,4,6,5,1,97
2025-01-01,4,7,1,21,29
2025-01-01,4,7,2,82,97
2025-01-01,4,7,3,185,62
2025-01-01,4,7,4,66,100
2025-01-01,4,7,5,1,40
2025-01-01,4,8,1,25,31
2025-01-01,4,8,2,85,103
2025-01-01,4,8,3,246,66
2025-01-01,4,8,4,82,87
2025-01-01,4,8,5,7,109
2025-02-01,1,1,1,25,26
2025-02-01,1,1,2,100,108
2025-02-01,1,1,3,295,88
2025-02-01,1,1,4,70,82
2025-02-01,1,1,5,2,97
2025-02-01,1,2,1,22,25
2025-02-01,1,2,2,90,90
2025-02-01,1,2,3,146,56
2025-02-01,1,2,4,77,77
2025-02-01,1,2,5,7,61
2025-02-01,1,3,1,27,27
2025-02-01,1,3,2,92,92
2025-02-01,1,3,3,206,45
2025-02-01,1,3,4,90,94
2025-02-01,1,3,5,7,43
2025-02-01,1,4,1,27,27
2025-02-01,1,4,2,85,103
2025-02-01,1,4,3,145,43
2025-02-01,1,4,4,73,85
2025-02-01,1,4,5,7,64
2025-02-01,1,5,1,28,29
2025-02-01,1,5,2,89,99
2025-02-01,1,5,3,144,55
2025-02-01,1,5,4,76,76
2025-02-01,1,5,5,9,113
2025-02-01,1,6,1,20,32
2025-02-01,1,6,2,91,91
2025-02-01,1,6,3,229,40
2025-02-01,1,6,4,77,77
2025-02-01,1,6,5,10,120
2025-02-01,1,7,1,21,32
2025-02-01,1,7,2,80,93
2025-02-01,1,7,3,163,53
2025-02-01,1,7,4,78,95
2025-02-01,1,7,5,8,50
2025-02-01,1,8,1,22,26
2025-02-01,1,8,2,95,102
2025-02-01,1,8,3,349,71
2025-02-01,1,8,4,76,96
2025-02-01,1,8,5,11,51
2025-02-01,2,1,1,20,31
2025-02-01,2,1,2,92,101
2025-02-01,2,1,3,167,63
2025-02-01,2,1,4,62,89
2025-02-01,2,1,5,8,73
2025-02-01,2,2,1,22,32
2025-02-01,2,2,2,88,97
2025-02-01,2,2,3,135,76
2025-02-01,2,2,4,66,79
2025-02-01,2,2,5,11,50
2025-02-01,2,3,1,30,30
2025-02-01,2,3,2,93,107
2025-02-01,2,3,3,270,88
2025-02-01,2,3,4,82,82
2025-02-01,2,3,5,7,47
2025-02-01,2,4,1,26,31
2025-02-01,2,4,2,98,105
2025-02-01,2,4,3,241,55
2025-02-01,2,4,4,65,84
2025-02-01,2,4,5,12,90
2025-02-01,2,5,1,25,25
2025-02-01,2,5,2,96,108
2025-02-01,2,5,3,293,76
2025-02-01,2,5,4,69,94
2025-02-01,2,5,5,8,55
2025-02-01,2,6,1,20,27
2025-02-01,2,6,2,86,96
2025-02-01,2,6,3,130,48
2025-02-01,2,6,4,65,88
2025-02-01,2,6,5,4,95
2025-02-01,2,7,1,27,27
2025-02-01,2,7,2,90,98
2025-02-01,2,7,3,354,86
2025-02-01,2,7,4,64,100
2025-02-01,2,7,5,7,51
2025-02-01,2,8,1,26,31
2025-02-01,2,8,2,88,100
2025-02-01,2,8,3,237,73
2025-02-01,2,8,4,75,75
2025-02-01,2,8,5,2,93
2025-02-01,3,1,1,20,31
2025-02-01,3,1,2,94,94
2025-02-01,3,1,3,269,77
2025-02-01,3,1,4,66,99
2025-02-01,3,1,5,10,53
2025-02-01,3,2,1,26,26
2025-02-01,3,2,2,97,99
2025-02-01,3,2,3,344,62
2025-02-01,3,2,4,76,88
2025-02-01,3,2,5,11,89
2025-02-01,3,3,1,27,32
2025-02-01,3,3,2,95,109
2025-02-01,3,3,3,164,42
2025-02-01,3,3,4,83,83
2025-02-01,3,3,5,10,58
2025-02-01,3,4,1,18,31
2025-02-01,3,4,2,90,102
2025-02-01,3,4,3,180,84
2025-02-01,3,4,4,76,76
2025-02-01,3,4,5,6,74
2025-02-01,3,5,1,23,25
2025-02-01,3,5,2,89,99
2025-02-01,3,5,3,335,57
2025-02-01,3,5,4,66,90
2025-02-01,3,5,5,3,69
2025-02-01,3,6,1,29,29
2025-02-01,3,6,2,90,104
2025-02-01,3,6,3,306,57
2025-02-01,3,6,4,65,88
2025-02-01,3,6,5,8,64
2025-02-01,3,7,1,24,28
2025-02-01,3,7,2,96,105
2025-02-01,3,7,3,330,63
2025-02-01,3,7,4,76,76
2025-02-01,3,7,5,2,60
2025-02-01,3,8,1,29,29
2025-02-01,3,8,2,92,106
2025-02-01,3,8,3,319,48
2025-02-01,3,8,4,61,91
2025-02-01,3,8,5,4,62
2025-02-01,4,1,1,18,28
2025-02-01,4,1,2,81,97
2025-02-01,4,1,3,132,69
2025-02-01,4,1,4,72,86
2025-02-01,4,1,5,6,75
2025-02-01,4,2,1,26,32
2025-02-01,4,2,2,100,102
2025-02-01,4,2,3,294,47
2025-02-01,4,2,4,75,75
2025-02-01,4,2,5,8,87
2025-02-01,4,3,1,20,32
2025-02-01,4,3,2,98,105
2025-02-01,4,3,3,209,75
2025-02-01,4,3,4,70,86
2025-02-01,4,3,5,12,73
2025-02-01,4,4,1,22,26
2025-02-01,4,4,2,90,90
2025-02-01,4,4,3,161,43
2025-02-01,4,4,4,73,93
2025-02-01,4,4,5,11,68
2025-02-01,4,5,1,28,28
2025-02-01,4,5,2,88,96
2025-02-01,4,5,3,224,81
2025-02-01,4,5,4,61,91
2025-02-01,4,5,5,8,41
2025-02-01,4,6,1,27,27
2025-02-01,4,6,2,95,95
2025-02-01,4,6,3,177,40
2025-02-01,4,6,4,79,83
2025-02-01,4,6,5,7,75
2025-02-01,4,7,1,23,31
2025-02-01,4,7,2,88,104
2025-02-01,4,7,3,239,53
2025-02-01,4,7,4,84,84
2025-02-01,4,7,5,7,119
2025-02-01,4,8,1,18,26
2025-02-01,4,8,2,91,106
2025-02-01,4,8,3,285,75
2025-02-01,4,8,4,78,94
2025-02-01,4,8,5,11,78
2025-03-01,1,1,1,25,26
2025-03-01,1,1,2,90,92
2025-03-01,1,1,3,283,57
2025-03-01,1,1,4,77,85
2025-03-01,1,1,5,11,73
2025-03-01,1,2,1,21,29
2025-03-01,1,2,2,94,94
2025-03-01,1,2,3,181,88
2025-03-01,1,2,4,76,76
2025-03-01,1,2,5,11,80
2025-03-01,1,3,1,27,27
2025-03-01,1,3,2,90,90
2025-03-01,1,3,3,195,71
2025-03-01,1,3,4,83,83
2025-03-01,1,3,5,7,91
2025-03-01,1,4,1,25,25
2025-03-01,1,4,2,86,108
2025-03-01,1,4,3,305,61
2025-03-01,1,4,4,74,97
2025-03-01,1,4,5,11,108
2025-03-01,1,5,1,28,32
2025-03-01,1,5,2,96,101
2025-03-01,1,5,3,336,59
2025-03-01,1,5,4,80,80
2025-03-01,1,5,5,5,63
2025-03-01,1,6,1,25,26
2025-03-01,1,6,2,88,94
2025-03-01,1,6,3,326,86
2025-03-01,1,6,4,71,92
2025-03-01,1,6,5,11,82
2025-03-01,1,7,1,21,26
2025-03-01,1,7,2,87,101
2025-03-01,1,7,3,343,87
2025-03-01,1,7,4,84,84
2025-03-01,1,7,5,6,82
2025-03-01,1,8,1,27,29
2025-03-01,1,8,2,94,99
2025-03-01,1,8,3,240,47
2025-03-01,1,8,4,64,76
2025-03-01,1,8,5,4,100
2025-03-01,2,1,1,26,26
2025-03-01,2,1,2,96,102
2025-03-01,2,1,3,225,59
2025-03-01,2,1,4,69,76
2025-03-01,2,1,5,4,57
2025-03-01,2,2,1,24,30
2025-03-01,2,2,2,94,108
2025-03-01,2,2,3,200,49
2025-03-01,2,2,4,71,97
2025-03-01,2,2,5,8,50
2025-03-01,2,3,1,28,30
2025-03-01,2,3,2,90,95
2025-03-01,2,3,3,134,80
2025-03-01,2,3,4,75,75
2025-03-01,2,3,5,4,75
2025-03-01,2,4,1,27,27
2025-03-01,2,4,2,95,95
2025-03-01,2,4,3,315,90
2025-03-01,2,4,4,65,99
2025-03-01,2,4,5,10,56
2025-03-01,2,5,1,28,31
2025-03-01,2,5,2,92,103
2025-03-01,2,5,3,242,67
2025-03-01,2,5,4,60,87
2025-03-01,2,5,5,9,44
2025-03-01,2,6,1,28,28
2025-03-01,2,6,2,80,101
2025-03-01,2,6,3,313,60
2025-03-01,2,6,4,72,91
2025-03-01,2,6,5,11,42
2025-03-01,2,7,1,25,25
2025-03-01,2,7,2,87,97
2025-03-01,2,7,3,344,84
2025-03-01,2,7,4,79,86
2025-03-01,2,7,5,2,56
2025-03-01,2,8,1,26,31
2025-03-01,2,8,2,89,108
2025-03-01,2,8,3,136,50
2025-03-01,2,8,4,76,76
2025-03-01,2,8,5,8,77
2025-03-01,3,1,1,24,30
2025-03-01,3,1,2,90,94
2025-03-01,3,1,3,211,71
2025-03-01,3,1,4,72,99
2025-03-01,3,1,5,7,61
2025-03-01,3,2,1,21,25
2025-03-01,3,2,2,84,97
2025-03-01,3,2,3,307,53
2025-03-01,3,2,4,75,75
2025-03-01,3,2,5,2,61
2025-03-01,3,3,1,29,30
2025-03-01,3,3,2,81,110
2025-03-01,3,3,3,344,64
2025-03-01,3,3,4,76,95
2025-03-01,3,3,5,10,108
2025-03-01,3,4,1,25,25
2025-03-01,3,4,2,83,91
2025-03-01,3,4,3,334,81
2025-03-01,3,4,4,63,75
2025-03-01,3,4,5,7,54
2025-03-01,3,5,1,24,32
2025-03-01,3,5,2,93,93
2025-03-01,3,5,3,241,56
2025-03-01,3,5,4,69,97
2025-03-01,3,5,5,12,66
2025-03-01,3,6,1,22,25
2025-03-01,3,6,2,83,103
2025-03-01,3,6,3,253,82
2025-03-01,3,6,4,68,83
2025-03-01,3,6,5,2,93
2025-03-01,3,7,1,22,26
2025-03-01,3,7,2,83,93
2025-03-01,3,7,3,170,71
2025-03-01,3,7,4,72,94
2025-03-01,3,7,5,9,73
2025-03-01,3,8,1,23,28
2025-03-01,3,8,2,89,103
2025-03-01,3,8,3,130,50
2025-03-01,3,8,4,91,92
2025-03-01,3,8,5,12,66
2025-03-01,4,1,1,23,32
2025-03-01,4,1,2,80,97
2025-03-01,4,1,3,291,40
2025-03-01,4,1,4,67,77
2025-03-01,4,1,5,11,113
2025-03-01,4,2,1,20,32
2025-03-01,4,2,2,92,92
2025-03-01,4,2,3,305,44
2025-03-01,4,2,4,66,98
2025-03-01,4,2,5,11,72
2025-03-01,4,3,1,25,28
2025-03-01,4,3,2,88,99
2025-03-01,4,3,3,132,69
2025-03-01,4,3,4,71,78
2025-03-01,4,3,5,5,45
2025-03-01,4,4,1,30,30
2025-03-01,4,4,2,93,100
2025-03-01,4,4,3,149,87
2025-03-01,4,4,4,62,78
2025-03-01,4,4,5,3,41
2025-03-01,4,5,1,23,27
2025-03-01,4,5,2,94,101
2025-03-01,4,5,3,188,79
2025-03-01,4,5,4,65,98
2025-03-01,4,5,5,6,87
2025-03-01,4,6,1,19,27
2025-03-01,4,6,2,92,102
2025-03-01,4,6,3,189,69
2025-03-01,4,6,4,87,87
2025-03-01,4,6,5,11,93
2025-03-01,4,7,1,19,27
2025-03-01,4,7,2,81,94
2025-03-01,4,7,3,146,50
2025-03-01,4,7,4,88,88
2025-03-01,4,7,5,11,112
2025-03-01,4,8,1,20,32
2025-03-01,4,8,2,92,109
2025-03-01,4,8,3,211,89
2025-03-01,4,8,4,61,94
2025-03-01,4,8,5,8,56
2025-04-01,1,1,1,19,32
2025-04-01,1,1,2,94,103
2025-04-01,1,1,3,136,42
2025-04-01,1,1,4,80,83
2025-04-01,1,1,5,12,41
2025-04-01,1,2,1,28,28
2025-04-01,1,2,2,96,100
2025-04-01,1,2,3,296,73
2025-04-01,1,2,4,66,97
2025-04-01,1,2,5,11,95
2025-04-01,1,3,1,25,28
2025-04-01,1,3,2,100,101
2025-04-01,1,3,3,158,64
2025-04-01,1,3,4,63,92
2025-04-01,1,3,5,11,41
2025-04-01,1,4,1,26,27
2025-04-01,1,4,2,95,105
2025-04-01,1,4,3,139,50
2025-04-01,1,4,4,91,99
2025-04-01,1,4,5,4,81
2025-04-01,1,5,1,22,30
2025-04-01,1,5,2,91,91
2025-04-01,1,5,3,260,54
2025-04-01,1,5,4,84,95
2025-04-01,1,5,5,4,91
2025-04-01,1,6,1,25,26
2025-04-01,1,6,2,98,104
2025-04-01,1,6,3,142,68
2025-04-01,1,6,4,88,90
2025-04-01,1,6,5,2,80
2025-04-01,1,7,1,29,32
2025-04-01,1,7,2,80,110
2025-04-01,1,7,3,223,46
2025-04-01,1,7,4,62,88
2025-04-01,1,7,5,9,111
2025-04-01,1,8,1,19,25
2025-04-01,1,8,2,99,109
2025-04-01,1,8,3,197,80
2025-04-01,1,8,4,91,91
2025-04-01,1,8,5,11,66
2025-04-01,2,1,1,23,32
2025-04-01,2,1,2,81,101
2025-04-01,2,1,3,336,54
2025-04-01,2,1,4,81,89
2025-04-01,2,1,5,10,111
2025-04-01,2,2,1,29,32
2025-04-01,2,2,2,94,101
2025-04-01,2,2,3,144,47
2025-04-01,2,2,4,74,99
2025-04-01,2,2,5,6,40
2025-04-01,2,3,1,28,30
2025-04-01,2,3,2,97,99
2025-04-01,2,3,3,215,73
2025-04-01,2,3,4,66,97
2025-04-01,2,3,5,3,45
2025-04-01,2,4,1,20,32
2025-04-01,2,4,2,83,103
2025-04-01,2,4,3,276,56
2025-04-01,2,4,4,72,81
2025-04-01,2,4,5,7,55
2025-04-01,2,5,1,25,28
2025-04-01,2,5,2,90,96
2025-04-01,2,5,3,313,46
2025-04-01,2,5,4,62,88
2025-04-01,2,5,5,2,115
2025-04-01,2,6,1,25,32
2025-04-01,2,6,2,96,108
2025-04-01,2,6,3,247,48
2025-04-01,2,6,4,75,75
2025-04-01,2,6,5,9,46
2025-04-01,2,7,1,27,31
2025-04-01,2,7,2,96,105
2025-04-01,2,7,3,355,89
2025-04-01,2,7,4,71,80
2025-04-01,2,7,5,2,56
2025-04-01,2,8,1,28,31
2025-04-01,2,8,2,99,109
2025-04-01,2,8,3,249,60
2025-04-01,2,8,4,86,87
2025-04-01,2,8,5,12,117
2025-04-01,3,1,1,22,28
2025-04-01,3,1,2,90,102
2025-04-01,3,1,3,235,58
2025-04-01,3,1,4,68,100
2025-04-01,3,1,5,7,57
2025-04-01,3,2,1,29,29
2025-04-01,3,2,2,90,107
2025-04-01,3,2,3,308,85
2025-04-01,3,2,4,73,92
2025-04-01,3,2,5,4,65
2025-04-01,3,3,1,28,29
2025-04-01,3,3,2,84,101
2025-04-01,3,3,3,286,85
2025-04-01,3,3,4,80,80
2025-04-01,3,3,5,12,109
2025-04-01,3,4,1,29,30
2025-04-01,3,4,2,91,93
2025-04-01,3,4,3,242,75
2025-04-01,3,4,4,86,93
2025-04-01,3,4,5,5,108
2025-04-01,3,5,1,30,31
2025-04-01,3,5,2,90,90
2025-04-01,3,5,3,126,46
2025-04-01,3,5,4,69,87
2025-04-01,3,5,5,11,46
2025-04-01,3,6,1,21,25
2025-04-01,3,6,2,85,98
2025-04-01,3,6,3,294,58
2025-04-01,3,6,4,69,83
2025-04-01,3,6,5,12,47
2025-04-01,3,7,1,21,29
2025-04-01,3,7,2,81,107
2025-04-01,3,7,3,328,62
2025-04-01,3,7,4,66,89
2025-04-01,3,7,5,11,118
2025-04-01,3,8,1,28,28
2025-04-01,3,8,2,97,110
2025-04-01,3,8,3,180,64
2025-04-01,3,8,4,78,91
2025-04-01,3,8,5,7,46
2025-04-01,4,1,1,24,31
2025-04-01,4,1,2,97,100
2025-04-01,4,1,3,123,43
2025-04-01,4,1,4,76,98
2025-04-01,4,1,5,10,65
2025-04-01,4,2,1,21,32
2025-04-01,4,2,2,100,110
2025-04-01,4,2,3,313,63
2025-04-01,4,2,4,93,93
2025-04-01,4,2,5,4,117
2025-04-01,4,3,1,22,28
2025-04-01,4,3,2,85,104
2025-04-01,4,3,3,139,83
2025-04-01,4,3,4,71,80
2025-04-01,4,3,5,2,105
2025-04-01,4,4,1,18,31
2025-04-01,4,4,2,88,103
2025-04-01,4,4,3,187,75
2025-04-01,4,4,4,70,79
2025-04-01,4,4,5,5,114
2025-04-01,4,5,1,23,25
2025-04-01,4,5,2,84,104
2025-04-01,4,5,3,159,42
2025-04-01,4,5,4,63,85
2025-04-01,4,5,5,10,120
2025-04-01,4,6,1,25,29
2025-04-01,4,6,2,97,108
2025-04-01,4,6,3,138,62
2025-04-01,4,6,4,80,100
2025-04-01,4,6,5,4,107
2025-04-01,4,7,1,26,27
2025-04-01,4,7,2,92,92
2025-04-01,4,7,3,226,50
2025-04-01,4,7,4,92,92
2025-04-01,4,7,5,2,91
2025-04-01,4,8,1,21,30
2025-04-01,4,8,2,90,96
2025-04-01,4,8,3,212,61
2025-04-01,4,8,4,73,84
2025-04-01,4,8,5,9,119
2025-05-01,1,1,1,26,32
2025-05-01,1,1,2,80,110
2025-05-01,1,1,3,291,47
2025-05-01,1,1,4,86,86
2025-05-01,1,1,5,11,70
2025-05-01,1,2,1,18,28
2025-05-01,1,2,2,92,100
2025-05-01,1,2,3,149,90
2025-05-01,1,2,4,76,87
2025-05-01,1,2,5,12,109
2025-05-01,1,3,1,18,29
2025-05-01,1,3,2,91,106
2025-05-01,1,3,3,325,72
2025-05-01,1,3,4,88,91
2025-05-01,1,3,5,1,102
2025-05-01,1,4,1,28,29
2025-05-01,1,4,2,90,96
2025-05-01,1,4,3,141,72
2025-05-01,1,4,4,70,78
2025-05-01,1,4,5,9,108
2025-05-01,1,5,1,25,25
2025-05-01,1,5,2,86,92
2025-05-01,1,5,3,281,82
2025-05-01,1,5,4,73,99
2025-05-01,1,5,5,2,94
2025-05-01,1,6,1,26,28
2025-05-01,1,6,2,100,103
2025-05-01,1,6,3,311,44
2025-05-01,1,6,4,69,96
2025-05-01,1,6,5,8,43
2025-05-01,1,7,1,18,30
2025-05-01,1,7,2,82,92
2025-05-01,1,7,3,165,43
2025-05-01,1,7,4,76,100
2025-05-01,1,7,5,2,111
2025-05-01,1,8,1,22,28
2025-05-01,1,8,2,92,103
2025-05-01,1,8,3,281,68
2025-05-01,1,8,4,87,87
2025-05-01,1,8,5,1,80
2025-05-01,2,1,1,28,31
2025-05-01,2,1,2,93,93
2025-05-01,2,1,3,284,40
2025-05-01,2,1,4,64,98
2025-05-01,2,1,5,1,114
2025-05-01,2,2,1,23,26
2025-05-01,2,2,2,83,106
2025-05-01,2,2,3,321,58
2025-05-01,2,2,4,79,96
2025-05-01,2,2,5,2,117
2025-05-01,2,3,1,29,29
2025-05-01,2,3,2,92,104
2025-05-01,2,3,3,330,65
2025-05-01,2,3,4,61,96
2025-05-01,2,3,5,3,100
2025-05-01,2,4,1,20,28
2025-05-01,2,4,2,97,102
2025-05-01,2,4,3,282,58
2025-05-01,2,4,4,79,79
2025-05-01,2,4,5,1,87
2025-05-01,2,5,1,19,27
2025-05-01,2,5,2,80,91
2025-05-01,2,5,3,272,76
2025-05-01,2,5,4,87,87
2025-05-01,2,5,5,2,110
2025-05-01,2,6,1,21,29
2025-05-01,2,6,2,86,101
2025-05-01,2,6,3,351,66
2025-05-01,2,6,4,92,95
2025-05-01,2,6,5,3,58
2025-05-01,2,7,1,21,27
2025-05-01,2,7,2,88,109
2025-05-01,2,7,3,149,52
2025-05-01,2,7,4,63,80
2025-05-01,2,7,5,8,110
2025-05-01,2,8,1,22,26
2025-05-01,2,8,2,88,92
2025-05-01,2,8,3,170,46
2025-05-01,2,8,4,91,98
2025-05-01,2,8,5,6,82
2025-05-01,3,1,1,27,27
2025-05-01,3,1,2,87,110
2025-05-01,3,1,3,192,46
2025-05-01,3,1,4,64,94
2025-05-01,3,1,5,6,64
2025-05-01,3,2,1,25,32
2025-05-01,3,2,2,99,100
2025-05-01,3,2,3,198,82
2025-05-01,3,2,4,69,97
2025-05-01,3,2,5,10,112
2025-05-01,3,3,1,30,30
2025-05-01,3,3,2,93,100
2025-05-01,3,3,3,121,50
2025-05-01,3,3,4,75,85
2025-05-01,3,3,5,12,68
2025-05-01,3,4,1,22,31
2025-05-01,3,4,2,84,101
2025-05-01,3,4,3,307,83
2025-05-01,3,4,4,85,85
2025-05-01,3,4,5,8,99
2025-05-01,3,5,1,30,30
2025-05-01,3,5,2,95,99
2025-05-01,3,5,3,147,75
2025-05-01,3,5,4,65,80
2025-05-01,3,5,5,3,75
2025-05-01,3,6,1,22,28
2025-05-01,3,6,2,82,110
2025-05-01,3,6,3,139,86
2025-05-01,3,6,4,75,75
2025-05-01,3,6,5,1,120
2025-05-01,3,7,1,30,31
2025-05-01,3,7,2,86,108
2025-05-01,3,7,3,261,42
2025-05-01,3,7,4,83,83
2025-05-01,3,7,5,8,109
2025-05-01,3,8,1,23,27
2025-05-01,3,8,2,87,102
2025-05-01,3,8,3,270,89
2025-05-01,3,8,4,78,98
2025-05-01,3,8,5,8,57
2025-05-01,4,1,1,24,26
2025-05-01,4,1,2,96,101
2025-05-01,4,1,3,289,40
2025-05-01,4,1,4,70,82
2025-05-01,4,1,5,3,105
2025-05-01,4,2,1,20,32
2025-05-01,4,2,2,95,95
2025-05-01,4,2,3,288,76
2025-05-01,4,2,4,79,79
2025-05-01,4,2,5,1,85
2025-05-01,4,3,1,28,28
2025-05-01,4,3,2,87,105
2025-05-01,4,3,3,187,44
2025-05-01,4,3,4,74,86
2025-05-01,4,3,5,11,45
2025-05-01,4,4,1,26,28
2025-05-01,4,4,2,92,101
2025-05-01,4,4,3,354,70
2025-05-01,4,4,4,62,89
2025-05-01,4,4,5,11,45
2025-05-01,4,5,1,19,30
2025-05-01,4,5,2,100,106
2025-05-01,4,5,3,333,57
2025-05-01,4,5,4,76,98
2025-05-01,4,5,5,9,114
2025-05-01,4,6,1,24,27
2025-05-01,4,6,2,92,110
2025-05-01,4,6,3,270,63
2025-05-01,4,6,4,64,95
2025-05-01,4,6,5,5,106
2025-05-01,4,7,1,21,31
2025-05-01,4,7,2,92,106
2025-05-01,4,7,3,329,62
2025-05-01,4,7,4,86,86
2025-05-01,4,7,5,10,101
2025-05-01,4,8,1,25,25
2025-05-01,4,8,2,94,94
2025-05-01,4,8,3,178,50
2025-05-01,4,8,4,77,77
2025-05-01,4,8,5,4,75
2025-06-01,1,1,1,20,27
2025-06-01,1,1,2,91,95
2025-06-01,1,1,3,303,78
2025-06-01,1,1,4,74,78
2025-06-01,1,1,5,6,93
2025-06-01,1,2,1,25,26
2025-06-01,1,2,2,95,105
2025-06-01,1,2,3,271,53
2025-06-01,1,2,4,80,80
2025-06-01,1,2,5,4,42
2025-06-01,1,3,1,20,25
2025-06-01,1,3,2,98,108
2025-06-01,1,3,3,154,50
2025-06-01,1,3,4,92,95
2025-06-01,1,3,5,10,45
2025-06-01,1,4,1,18,27
2025-06-01,1,4,2,88,95
2025-06-01,1,4,3,252,51
2025-06-01,1,4,4,61,87
2025-06-01,1,4,5,2,76
2025-06-01,1,5,1,25,28
2025-06-01,1,5,2,95,109
2025-06-01,1,5,3,163,70
2025-06-01,1,5,4,82,82
2025-06-01,1,5,5,3,116
2025-06-01,1,6,1,27,27
2025-06-01,1,6,2,88,106
2025-06-01,1,6,3,305,50
2025-06-01,1,6,4,81,96
2025-06-01,1,6,5,10,98
2025-06-01,1,7,1,21,26
2025-06-01,1,7,2,92,102
2025-06-01,1,7,3,147,48
2025-06-01,1,7,4,72,75
2025-06-01,1,7,5,9,106
2025-06-01,1,8,1,20,31
2025-06-01,1,8,2,83,109
2025-06-01,1,8,3,241,51
2025-06-01,1,8,4,62,94
2025-06-01,1,8,5,9,108
2025-06-01,2,1,1,19,26
2025-06-01,2,1,2,84,105
2025-06-01,2,1,3,258,78
2025-06-01,2,1,4,75,75
2025-06-01,2,1,5,7,106
2025-06-01,2,2,1,18,30
2025-06-01,2,2,2,93,106
2025-06-01,2,2,3,360,54
2025-06-01,2,2,4,90,100
2025-06-01,2,2,5,6,88
2025-06-01,2,3,1,24,26
2025-06-01,2,3,2,88,94
2025-06-01,2,3,3,316,70
2025-06-01,2,3,4,65,82
2025-06-01,2,3,5,10,76
2025-06-01,2,4,1,22,31
2025-06-01,2,4,2,80,96
2025-06-01,2,4,3,310,85
2025-06-01,2,4,4,60,100
2025-06-01,2,4,5,9,113
2025-06-01,2,5,1,26,26
2025-06-01,2,5,2,90,90
2025-06-01,2,5,3,172,81
2025-06-01,2,5,4,80,97
2025-06-01,2,5,5,6,92
2025-06-01,2,6,1,20,26
2025-06-01,2,6,2,100,103
2025-06-01,2,6,3,184,77
2025-06-01,2,6,4,83,83
2025-06-01,2,6,5,10,94
2025-06-01,2,7,1,27,30
2025-06-01,2,7,2,92,98
2025-06-01,2,7,3,172,88
2025-06-01,2,7,4,88,88
2025-06-01,2,7,5,8,111
2025-06-01,2,8,1,23,27
2025-06-01,2,8,2,97,107
2025-06-01,2,8,3,184,70
2025-06-01,2,8,4,82,84
2025-06-01,2,8,5,12,90
2025-06-01,3,1,1,27,27
2025-06-01,3,1,2,87,93
2025-06-01,3,1,3,320,68
2025-06-01,3,1,4,70,97
2025-06-01,3,1,5,4,52
2025-06-01,3,2,1,30,31
2025-06-01,3,2,2,97,100
2025-06-01,3,2,3,298,79
2025-06-01,3,2,4,63,96
2025-06-01,3,2,5,7,60
2025-06-01,3,3,1,25,25
2025-06-01,3,3,2,84,92
2025-06-01,3,3,3,357,70
2025-06-01,3,3,4,87,94
2025-06-01,3,3,5,2,51
2025-06-01,3,4,1,21,29
2025-06-01,3,4,2,82,101
2025-06-01,3,4,3,129,78
2025-06-01,3,4,4,84,98
2025-06-01,3,4,5,10,91
2025-06-01,3,5,1,29,29
2025-06-01,3,5,2,81,109
2025-06-01,3,5,3,329,89
2025-06-01,3,5,4,80,80
2025-06-01,3,5,5,1,96
2025-06-01,3,6,1,28,28
2025-06-01,3,6,2,89,106
2025-06-01,3,6,3,128,52
2025-06-01,3,6,4,92,100
2025-06-01,3,6,5,12,106
2025-06-01,3,7,1,27,28
2025-06-01,3,7,2,81,95
2025-06-01,3,7,3,181,63
2025-06-01,3,7,4,60,95
2025-06-01,3,7,5,2,60
2025-06-01,3,8,1,29,29
2025-06-01,3,8,2,91,102
2025-06-01,3,8,3,221,82
2025-06-01,3,8,4,72,87
2025-06-01,3,8,5,1,106
2025-06-01,4,1,1,19,26
2025-06-01,4,1,2,89,107
2025-06-01,4,1,3,332,86
2025-06-01,4,1,4,82,92
2025-06-01,4,1,5,5,84
2025-06-01,4,2,1,27,28
2025-06-01,4,2,2,94,96
2025-06-01,4,2,3,267,65
2025-06-01,4,2,4,75,75
2025-06-01,4,2,5,7,62
2025-06-01,4,3,1,26,26
2025-06-01,4,3,2,92,92
2025-06-01,4,3,3,207,58
2025-06-01,4,3,4,78,78
2025-06-01,4,3,5,9,72
2025-06-01,4,4,1,29,29
2025-06-01,4,4,2,92,104
2025-06-01,4,4,3,243,76
2025-06-01,4,4,4,75,99
2025-06-01,4,4,5,8,83
2025-06-01,4,5,1,27,32
2025-06-01,4,5,2,90,90
2025-06-01,4,5,3,186,47
2025-06-01,4,5,4,77,77
2025-06-01,4,5,5,11,68
2025-06-01,4,6,1,28,28
2025-06-01,4,6,2,93,100
2025-06-01,4,6,3,252,62
2025-06-01,4,6,4,60,92
2025-06-01,4,6,5,4,73
2025-06-01,4,7,1,19,29
2025-06-01,4,7,2,90,102
2025-06-01,4,7,3,261,44
2025-06-01,4,7,4,80,80
2025-06-01,4,7,5,6,80
2025-06-01,4,8,1,27,28
2025-06-01,4,8,2,85,98
2025-06-01,4,8,3,294,87
2025-06-01,4,8,4,81,81
2025-06-01,4,8,5,4,65
2025-07-01,1,1,1,22,28
2025-07-01,1,1,2,87,96
2025-07-01,1,1,3,333,52
2025-07-01,1,1,4,82,82
2025-07-01,1,1,5,2,59
2025-07-01,1,2,1,19,26
2025-07-01,1,2,2,99,105
2025-07-01,1,2,3,315,40
2025-07-01,1,2,4,62,92
2025-07-01,1,2,5,6,101
2025-07-01,1,3,1,25,30
2025-07-01,1,3,2,88,108
2025-07-01,1,3,3,166,71
2025-07-01,1,3,4,92,99
2025-07-01,1,3,5,7,75
2025-07-01,1,4,1,28,28
2025-07-01,1,4,2,84,108
2025-07-01,1,4,3,254,43
2025-07-01,1,4,4,87,100
2025-07-01,1,4,5,9,101
2025-07-01,1,5,1,25,25
2025-07-01,1,5,2,92,101
2025-07-01,1,5,3,318,83
2025-07-01,1,5,4,80,80
2025-07-01,1,5,5,12,55
2025-07-01,1,6,1,23,32
2025-07-01,1,6,2,80,90
2025-07-01,1,6,3,173,83
2025-07-01,1,6,4,66,87
2025-07-01,1,6,5,6,81
2025-07-01,1,7,1,20,29
2025-07-01,1,7,2,88,107
2025-07-01,1,7,3,188,55
2025-07-01,1,7,4,81,90
2025-07-01,1,7,5,3,86
2025-07-01,1,8,1,24,32
2025-07-01,1,8,2,93,96
2025-07-01,1,8,3,312,84
2025-07-01,1,8,4,83,86
2025-07-01,1,8,5,5,91
2025-07-01,2,1,1,20,32
2025-07-01,2,1,2,84,108
2025-07-01,2,1,3,295,76
2025-07-01,2,1,4,66,82
2025-07-01,2,1,5,4,74
2025-07-01,2,2,1,24,31
2025-07-01,2,2,2,84,96
2025-07-01,2,2,3,158,87
2025-07-01,2,2,4,60,90
2025-07-01,2,2,5,7,62
2025-07-01,2,3,1,20,32
2025-07-01,2,3,2,96,110
2025-07-01,2,3,3,304,74
2025-07-01,2,3,4,85,85
2025-07-01,2,3,5,5,78
2025-07-01,2,4,1,24,25
2025-07-01,2,4,2,85,93
2025-07-01,2,4,3,175,43
2025-07-01,2,4,4,83,83
2025-07-01,2,4,5,2,120
2025-07-01,2,5,1,29,32
2025-07-01,2,5,2,88,100
2025-07-01,2,5,3,212,63
2025-07-01,2,5,4,92,92
2025-07-01,2,5,5,6,72
2025-07-01,2,6,1,24,25
2025-07-01,2,6,2,91,93
2025-07-01,2,6,3,275,83
2025-07-01,2,6,4,81,81
2025-07-01,2,6,5,5,62
2025-07-01,2,7,1,23,30
2025-07-01,2,7,2,95,106
2025-07-01,2,7,3,308,89
2025-07-01,2,7,4,65,89
2025-07-01,2,7,5,10,88
2025-07-01,2,8,1,25,29
2025-07-01,2,8,2,84,110
2025-07-01,2,8,3,283,50
2025-07-01,2,8,4,81,100
2025-07-01,2,8,5,11,93
2025-07-01,3,1,1,19,31
2025-07-01,3,1,2,85,92
2025-07-01,3,1,3,178,61
2025-07-01,3,1,4,80,85
2025-07-01,3,1,5,12,77
2025-07-01,3,2,1,27,29
2025-07-01,3,2,2,92,110
2025-07-01,3,2,3,347,57
2025-07-01,3,2,4,83,89
2025-07-01,3,2,5,9,115
2025-07-01,3,3,1,24,32
2025-07-01,3,3,2,85,95
2025-07-01,3,3,3,152,41
2025-07-01,3,3,4,75,98
2025-07-01,3,3,5,12,72
2025-07-01,3,4,1,21,26
2025-07-01,3,4,2,92,95
2025-07-01,3,4,3,144,46
2025-07-01,3,4,4,77,77
2025-07-01,3,4,5,1,110
2025-07-01,3,5,1,25,25
2025-07-01,3,5,2,96,102
2025-07-01,3,5,3,141,88
2025-07-01,3,5,4,76,78
2025-07-01,3,5,5,3,119
2025-07-01,3,6,1,26,26
2025-07-01,3,6,2,89,102
2025-07-01,3,6,3,183,54
2025-07-01,3,6,4,78,98
2025-07-01,3,6,5,11,96
2025-07-01,3,7,1,20,27
2025-07-01,3,7,2,85,106
2025-07-01,3,7,3,128,41
2025-07-01,3,7,4,82,96
2025-07-01,3,7,5,8,81
2025-07-01,3,8,1,26,32
2025-07-01,3,8,2,97,98
2025-07-01,3,8,3,154,68
2025-07-01,3,8,4,94,97
2025-07-01,3,8,5,10,62
2025-07-01,4,1,1,28,32
2025-07-01,4,1,2,98,110
2025-07-01,4,1,3,254,67
2025-07-01,4,1,4,94,95
2025-07-01,4,1,5,6,79
2025-07-01,4,2,1,26,32
2025-07-01,4,2,2,82,97
2025-07-01,4,2,3,198,68
2025-07-01,4,2,4,86,86
2025-07-01,4,2,5,3,73
2025-07-01,4,3,1,18,29
2025-07-01,4,3,2,90,90
2025-07-01,4,3,3,337,88
2025-07-01,4,3,4,79,79
2025-07-01,4,3,5,8,76
2025-07-01,4,4,1,25,25
2025-07-01,4,4,2,95,105
2025-07-01,4,4,3,122,59
2025-07-01,4,4,4,87,99
2025-07-01,4,4,5,10,77
2025-07-01,4,5,1,28,28
2025-07-01,4,5,2,90,90
2025-07-01,4,5,3,168,63
2025-07-01,4,5,4,88,88
2025-07-01,4,5,5,7,95
2025-07-01,4,6,1,20,28
2025-07-01,4,6,2,92,110
2025-07-01,4,6,3,176,64
2025-07-01,4,6,4,65,83
2025-07-01,4,6,5,11,94
2025-07-01,4,7,1,26,28
2025-07-01,4,7,2,88,109
2025-07-01,4,7,3,286,58
2025-07-01,4,7,4,94,98
2025-07-01,4,7,5,7,74
2025-07-01,4,8,1,19,28
2025-07-01,4,8,2,84,95
2025-07-01,4,8,3,148,58
2025-07-01,4,8,4,89,95
2025-07-01,4,8,5,8,119
2025-08-01,1,1,1,29,29
2025-08-01,1,1,2,95,109
2025-08-01,1,1,3,202,52
2025-08-01,1,1,4,69,75
2025-08-01,1,1,5,9,46
2025-08-01,1,2,1,20,25
2025-08-01,1,2,2,89,93
2025-08-01,1,2,3,152,57
2025-08-01,1,2,4,88,97
2025-08-01,1,2,5,4,41
2025-08-01,1,3,1,20,26
2025-08-01,1,3,2,90,90
2025-08-01,1,3,3,207,53
2025-08-01,1,3,4,79,88
2025-08-01,1,3,5,6,103
2025-08-01,1,4,1,29,32
2025-08-01,1,4,2,90,91
2025-08-01,1,4,3,335,45
2025-08-01,1,4,4,69,99
2025-08-01,1,4,5,5,47
2025-08-01,1,5,1,19,31
2025-08-01,1,5,2,95,107
2025-08-01,1,5,3,169,51
2025-08-01,1,5,4,83,83
2025-08-01,1,5,5,2,41
2025-08-01,1,6,1,24,28
2025-08-01,1,6,2,87,104
2025-08-01,1,6,3,128,87
2025-08-01,1,6,4,81,81
2025-08-01,1,6,5,9,52
2025-08-01,1,7,1,25,28
2025-08-01,1,7,2,89,102
2025-08-01,1,7,3,160,60
2025-08-01,1,7,4,62,95
2025-08-01,1,7,5,9,110
2025-08-01,1,8,1,22,26
2025-08-01,1,8,2,100,105
2025-08-01,1,8,3,170,59
2025-08-01,1,8,4,63,86
2025-08-01,1,8,5,2,67
2025-08-01,2,1,1,28,28
2025-08-01,2,1,2,90,103
2025-08-01,2,1,3,162,40
2025-08-01,2,1,4,77,100
2025-08-01,2,1,5,2,114
2025-08-01,2,2,1,30,31
2025-08-01,2,2,2,80,97
2025-08-01,2,2,3,268,42
2025-08-01,2,2,4,90,100
2025-08-01,2,2,5,3,116
2025-08-01,2,3,1,30,30
2025-08-01,2,3,2,87,92
2025-08-01,2,3,3,247,50
2025-08-01,2,3,4,77,77
2025-08-01,2,3,5,1,120
2025-08-01,2,4,1,23,25
2025-08-01,2,4,2,84,110
2025-08-01,2,4,3,257,84
2025-08-01,2,4,4,66,100
2025-08-01,2,4,5,8,56
2025-08-01,2,5,1,23,28
2025-08-01,2,5,2,100,107
2025-08-01,2,5,3,208,88
2025-08-01,2,5,4,88,100
2025-08-01,2,5,5,1,64
2025-08-01,2,6,1,23,31
2025-08-01,2,6,2,88,94
2025-08-01,2,6,3,244,42
2025-08-01,2,6,4,88,97
2025-08-01,2,6,5,5,111
2025-08-01,2,7,1,21,32
2025-08-01,2,7,2,85,108
2025-08-01,2,7,3,209,74
2025-08-01,2,7,4,85,85
2025-08-01,2,7,5,10,75
2025-08-01,2,8,1,19,27
2025-08-01,2,8,2,84,106
2025-08-01,2,8,3,195,68
2025-08-01,2,8,4,83,83
2025-08-01,2,8,5,8,86
2025-08-01,3,1,1,25,25
2025-08-01,3,1,2,96,110
2025-08-01,3,1,3,307,64
2025-08-01,3,1,4,61,80
2025-08-01,3,1,5,6,119
2025-08-01,3,2,1,23,28
2025-08-01,3,2,2,92,92
2025-08-01,3,2,3,168,64
2025-08-01,3,2,4,91,91
2025-08-01,3,2,5,3,110
2025-08-01,3,3,1,23,29
2025-08-01,3,3,2,100,103
2025-08-01,3,3,3,148,60
2025-08-01,3,3,4,78,78
2025-08-01,3,3,5,1,48
2025-08-01,3,4,1,20,27
2025-08-01,3,4,2,86,91
2025-08-01,3,4,3,244,46
2025-08-01,3,4,4,66,81
2025-08-01,3,4,5,10,44
2025-08-01,3,5,1,28,31
2025-08-01,3,5,2,96,105
2025-08-01,3,5,3,299,79
2025-08-01,3,5,4,76,93
2025-08-01,3,5,5,6,46
2025-08-01,3,6,1,27,28
2025-08-01,3,6,2,80,92
2025-08-01,3,6,3,287,53
2025-08-01,3,6,4,65,90
2025-08-01,3,6,5,11,99
2025-08-01,3,7,1,23,25
2025-08-01,3,7,2,93,107
2025-08-01,3,7,3,323,63
2025-08-01,3,7,4,63,97
2025-08-01,3,7,5,5,118
2025-08-01,3,8,1,25,25
2025-08-01,3,8,2,89,92
2025-08-01,3,8,3,175,44
2025-08-01,3,8,4,66,91
2025-08-01,3,8,5,12,52
2025-08-01,4,1,1,26,28
2025-08-01,4,1,2,86,102
2025-08-01,4,1,3,254,52
2025-08-01,4,1,4,75,96
2025-08-01,4,1,5,11,112
2025-08-01,4,2,1,26,27
2025-08-01,4,2,2,93,107
2025-08-01,4,2,3,147,87
2025-08-01,4,2,4,82,99
2025-08-01,4,2,5,12,98
2025-08-01,4,3,1,19,31
2025-08-01,4,3,2,85,95
2025-08-01,4,3,3,222,75
2025-08-01,4,3,4,81,91
2025-08-01,4,3,5,9,60
2025-08-01,4,4,1,23,32
2025-08-01,4,4,2,97,100
2025-08-01,4,4,3,336,60
2025-08-01,4,4,4,86,86
2025-08-01,4,4,5,12,95
2025-08-01,4,5,1,27,30
2025-08-01,4,5,2,97,97
2025-08-01,4,5,3,174,74
2025-08-01,4,5,4,87,87
2025-08-01,4,5,5,6,72
2025-08-01,4,6,1,25,32
2025-08-01,4,6,2,80,102
2025-08-01,4,6,3,128,86
2025-08-01,4,6,4,61,84
2025-08-01,4,6,5,3,106
2025-08-01,4,7,1,18,29
2025-08-01,4,7,2,87,99
2025-08-01,4,7,3,339,53
2025-08-01,4,7,4,61,85
2025-08-01,4,7,5,9,75
2025-08-01,4,8,1,19,27
2025-08-01,4,8,2,91,91
2025-08-01,4,8,3,159,62
2025-08-01,4,8,4,76,79
2025-08-01,4,8,5,10,86
2025-09-01,1,1,1,21,28
2025-09-01,1,1,2,89,98
2025-09-01,1,1,3,266,45
2025-09-01,1,1,4,73,87
2025-09-01,1,1,5,12,49
2025-09-01,1,2,1,30,30
2025-09-01,1,2,2,85,105
2025-09-01,1,2,3,331,71
2025-09-01,1,2,4,66,97
2025-09-01,1,2,5,11,116
2025-09-01,1,3,1,18,29
2025-09-01,1,3,2,92,108
2025-09-01,1,3,3,319,45
2025-09-01,1,3,4,76,76
2025-09-01,1,3,5,7,84
2025-09-01,1,4,1,19,31
2025-09-01,1,4,2,97,97
2025-09-01,1,4,3,357,78
2025-09-01,1,4,4,75,75
2025-09-01,1,4,5,5,46
2025-09-01,1,5,1,23,25
2025-09-01,1,5,2,98,107
2025-09-01,1,5,3,203,49
2025-09-01,1,5,4,74,91
2025-09-01,1,5,5,1,59
2025-09-01,1,6,1,25,31
2025-09-01,1,6,2,98,109
2025-09-01,1,6,3,143,72
2025-09-01,1,6,4,82,82
2025-09-01,1,6,5,7,77
2025-09-01,1,7,1,20,27
2025-09-01,1,7,2,82,100
2025-09-01,1,7,3,266,70
2025-09-01,1,7,4,63,98
2025-09-01,1,7,5,7,110
2025-09-01,1,8,1,19,29
2025-09-01,1,8,2,96,102
2025-09-01,1,8,3,318,67
2025-09-01,1,8,4,68,97
2025-09-01,1,8,5,8,57
2025-09-01,2,1,1,25,28
2025-09-01,2,1,2,100,102
2025-09-01,2,1,3,170,76
2025-09-01,2,1,4,92,92
2025-09-01,2,1,5,4,71
2025-09-01,2,2,1,22,26
2025-09-01,2,2,2,90,103
2025-09-01,2,2,3,356,83
2025-09-01,2,2,4,65,93
2025-09-01,2,2,5,11,54
2025-09-01,2,3,1,24,31
2025-09-01,2,3,2,91,101
2025-09-01,2,3,3,202,52
2025-09-01,2,3,4,61,86
2025-09-01,2,3,5,3,79
2025-09-01,2,4,1,27,30
2025-09-01,2,4,2,99,104
2025-09-01,2,4,3,232,49
2025-09-01,2,4,4,74,76
2025-09-01,2,4,5,11,65
2025-09-01,2,5,1,20,30
2025-09-01,2,5,2,83,92
2025-09-01,2,5,3,133,87
2025-09-01,2,5,4,69,82
2025-09-01,2,5,5,1,76
2025-09-01,2,6,1,29,30
2025-09-01,2,6,2,89,93
2025-09-01,2,6,3,240,68
2025-09-01,2,6,4,75,75
2025-09-01,2,6,5,12,66
2025-09-01,2,7,1,21,28
2025-09-01,2,7,2,96,107
2025-09-01,2,7,3,186,88
2025-09-01,2,7,4,90,92
2025-09-01,2,7,5,12,119
2025-09-01,2,8,1,27,27
2025-09-01,2,8,2,90,90
2025-09-01,2,8,3,351,77
2025-09-01,2,8,4,93,96
2025-09-01,2,8,5,5,45
2025-09-01,3,1,1,18,27
2025-09-01,3,1,2,86,99
2025-09-01,3,1,3,298,90
2025-09-01,3,1,4,77,94
2025-09-01,3,1,5,8,46
2025-09-01,3,2,1,19,25
2025-09-01,3,2,2,88,102
2025-09-01,3,2,3,338,82
2025-09-01,3,2,4,83,96
2025-09-01,3,2,5,1,53
2025-09-01,3,3,1,28,29
2025-09-01,3,3,2,87,102
2025-09-01,3,3,3,250,64
2025-09-01,3,3,4,66,97
2025-09-01,3,3,5,8,80
2025-09-01,3,4,1,20,26
2025-09-01,3,4,2,96,96
2025-09-01,3,4,3,263,69
2025-09-01,3,4,4,61,97
2025-09-01,3,4,5,4,45
2025-09-01,3,5,1,23,29
2025-09-01,3,5,2,92,105
2025-09-01,3,5,3,160,87
2025-09-01,3,5,4,75,75
2025-09-01,3,5,5,6,85
2025-09-01,3,6,1,21,29
2025-09-01,3,6,2,88,106
2025-09-01,3,6,3,280,43
2025-09-01,3,6,4,83,83
2025-09-01,3,6,5,9,43
2025-09-01,3,7,1,21,29
2025-09-01,3,7,2,90,94
2025-09-01,3,7,3,288,65
2025-09-01,3,7,4,65,79
2025-09-01,3,7,5,9,88
2025-09-01,3,8,1,24,28
2025-09-01,3,8,2,97,97
2025-09-01,3,8,3,229,49
2025-09-01,3,8,4,81,84
2025-09-01,3,8,5,9,97
2025-09-01,4,1,1,21,27
2025-09-01,4,1,2,84,110
2025-09-01,4,1,3,258,77
2025-09-01,4,1,4,72,96
2025-09-01,4,1,5,5,57
2025-09-01,4,2,1,24,27
2025-09-01,4,2,2,94,94
2025-09-01,4,2,3,354,76
2025-09-01,4,2,4,80,80
2025-09-01,4,2,5,9,48
2025-09-01,4,3,1,20,26
2025-09-01,4,3,2,84,100
2025-09-01,4,3,3,127,86
2025-09-01,4,3,4,80,99
2025-09-01,4,3,5,7,92
2025-09-01,4,4,1,25,29
2025-09-01,4,4,2,88,110
2025-09-01,4,4,3,319,49
2025-09-01,4,4,4,66,81
2025-09-01,4,4,5,3,56
2025-09-01,4,5,1,25,25
2025-09-01,4,5,2,99,109
2025-09-01,4,5,3,275,57
2025-09-01,4,5,4,74,93
2025-09-01,4,5,5,4,116
2025-09-01,4,6,1,28,28
2025-09-01,4,6,2,90,90
2025-09-01,4,6,3,296,45
2025-09-01,4,6,4,90,99
2025-09-01,4,6,5,9,57
2025-09-01,4,7,1,29,32
2025-09-01,4,7,2,91,110
2025-09-01,4,7,3,338,51
2025-09-01,4,7,4,87,87
2025-09-01,4,7,5,3,100
2025-09-01,4,8,1,21,27
2025-09-01,4,8,2,81,97
2025-09-01,4,8,3,315,66
2025-09-01,4,8,4,75,75
2025-09-01,4,8,5,4,92
2025-10-01,1,1,1,28,28
2025-10-01,1,1,2,82,96
2025-10-01,1,1,3,357,51
2025-10-01,1,1,4,89,89
2025-10-01,1,1,5,8,81
2025-10-01,1,2,1,24,28
2025-10-01,1,2,2,81,102
2025-10-01,1,2,3,308,78
2025-10-01,1,2,4,80,87
2025-10-01,1,2,5,10,90
2025-10-01,1,3,1,25,25
2025-10-01,1,3,2,93,93
2025-10-01,1,3,3,331,69
2025-10-01,1,3,4,75,76
2025-10-01,1,3,5,9,106
2025-10-01,1,4,1,29,31
2025-10-01,1,4,2,91,91
2025-10-01,1,4,3,252,64
2025-10-01,1,4,4,63,99
2025-10-01,1,4,5,5,64
2025-10-01,1,5,1,24,32
2025-10-01,1,5,2,89,99
2025-10-01,1,5,3,162,69
2025-10-01,1,5,4,78,88
2025-10-01,1,5,5,1,118
2025-10-01,1,6,1,25,27
2025-10-01,1,6,2,94,110
2025-10-01,1,6,3,304,45
2025-10-01,1,6,4,67,91
2025-10-01,1,6,5,10,63
2025-10-01,1,7,1,24,27
2025-10-01,1,7,2,90,103
2025-10-01,1,7,3,126,68
2025-10-01,1,7,4,80,80
2025-10-01,1,7,5,12,115
2025-10-01,1,8,1,25,28
2025-10-01,1,8,2,88,92
2025-10-01,1,8,3,297,60
2025-10-01,1,8,4,70,95
2025-10-01,1,8,5,2,55
2025-10-01,2,1,1,26,26
2025-10-01,2,1,2,100,104
2025-10-01,2,1,3,141,63
2025-10-01,2,1,4,84,91
2025-10-01,2,1,5,10,105
2025-10-01,2,2,1,24,27
2025-10-01,2,2,2,92,107
2025-10-01,2,2,3,316,42
2025-10-01,2,2,4,80,80
2025-10-01,2,2,5,11,112
2025-10-01,2,3,1,20,27
2025-10-01,2,3,2,85,94
2025-10-01,2,3,3,302,89
2025-10-01,2,3,4,76,76
2025-10-01,2,3,5,5,79
2025-10-01,2,4,1,22,32
2025-10-01,2,4,2,85,110
2025-10-01,2,4,3,350,47
2025-10-01,2,4,4,72,79
2025-10-01,2,4,5,10,40
2025-10-01,2,5,1,18,29
2025-10-01,2,5,2,95,104
2025-10-01,2,5,3,259,71
2025-10-01,2,5,4,60,100
2025-10-01,2,5,5,8,117
2025-10-01,2,6,1,21,28
2025-10-01,2,6,2,95,108
2025-10-01,2,6,3,224,69
2025-10-01,2,6,4,65,89
2025-10-01,2,6,5,10,116
2025-10-01,2,7,1,21,25
2025-10-01,2,7,2,88,107
2025-10-01,2,7,3,280,79
2025-10-01,2,7,4,73,92
2025-10-01,2,7,5,3,46
2025-10-01,2,8,1,18,27
2025-10-01,2,8,2,91,110
2025-10-01,2,8,3,157,42
2025-10-01,2,8,4,76,76
2025-10-01,2,8,5,2,82
2025-10-01,3,1,1,19,25
2025-10-01,3,1,2,85,103
2025-10-01,3,1,3,292,50
2025-10-01,3,1,4,84,84
2025-10-01,3,1,5,8,62
2025-10-01,3,2,1,18,30
2025-10-01,3,2,2,89,92
2025-10-01,3,2,3,214,60
2025-10-01,3,2,4,64,87
2025-10-01,3,2,5,9,94
2025-10-01,3,3,1,22,26
2025-10-01,3,3,2,84,105
2025-10-01,3,3,3,297,47
2025-10-01,3,3,4,81,83
2025-10-01,3,3,5,7,107
2025-10-01,3,4,1,28,28
2025-10-01,3,4,2,96,96
2025-10-01,3,4,3,147,43
2025-10-01,3,4,4,93,93
2025-10-01,3,4,5,8,51
2025-10-01,3,5,1,24,29
2025-10-01,3,5,2,90,109
2025-10-01,3,5,3,254,56
2025-10-01,3,5,4,82,93
2025-10-01,3,5,5,10,56
2025-10-01,3,6,1,26,32
2025-10-01,3,6,2,95,110
2025-10-01,3,6,3,326,71
2025-10-01,3,6,4,74,80
2025-10-01,3,6,5,4,77
2025-10-01,3,7,1,19,25
2025-10-01,3,7,2,90,90
2025-10-01,3,7,3,323,80
2025-10-01,3,7,4,73,78
2025-10-01,3,7,5,7,118
2025-10-01,3,8,1,18,31
2025-10-01,3,8,2,91,100
2025-10-01,3,8,3,326,75
2025-10-01,3,8,4,73,95
2025-10-01,3,8,5,11,41
2025-10-01,4,1,1,28,28
2025-10-01,4,1,2,88,99
2025-10-01,4,1,3,137,90
2025-10-01,4,1,4,79,84
2025-10-01,4,1,5,9,104
2025-10-01,4,2,1,30,30
2025-10-01,4,2,2,83,90
2025-10-01,4,2,3,205,83
2025-10-01,4,2,4,85,85
2025-10-01,4,2,5,10,112
2025-10-01,4,3,1,20,25
2025-10-01,4,3,2,90,96
2025-10-01,4,3,3,356,61
2025-10-01,4,3,4,90,96
2025-10-01,4,3,5,1,100
2025-10-01,4,4,1,25,27
2025-10-01,4,4,2,94,94
2025-10-01,4,4,3,348,69
2025-10-01,4,4,4,81,92
2025-10-01,4,4,5,7,99
2025-10-01,4,5,1,25,25
2025-10-01,4,5,2,98,99
2025-10-01,4,5,3,293,86
2025-10-01,4,5,4,85,85
2025-10-01,4,5,5,1,108
2025-10-01,4,6,1,27,28
2025-10-01,4,6,2,91,100
2025-10-01,4,6,3,158,44
2025-10-01,4,6,4,61,83
2025-10-01,4,6,5,7,83
2025-10-01,4,7,1,27,27
2025-10-01,4,7,2,92,109
2025-10-01,4,7,3,272,51
2025-10-01,4,7,4,78,78
2025-10-01,4,7,5,12,80
2025-10-01,4,8,1,22,25
2025-10-01,4,8,2,82,103
2025-10-01,4,8,3,344,71
2025-10-01,4,8,4,82,82
2025-10-01,4,8,5,5,97
2025-11-01,1,1,1,26,28
2025-11-01,1,1,2,85,99
2025-11-01,1,1,3,215,47
2025-11-01,1,1,4,62,100
2025-11-01,1,1,5,2,65
2025-11-01,1,2,1,26,32
2025-11-01,1,2,2,90,90
2025-11-01,1,2,3,159,72
2025-11-01,1,2,4,81,81
2025-11-01,1,2,5,12,101
2025-11-01,1,3,1,29,29
2025-11-01,1,3,2,84,100
2025-11-01,1,3,3,343,89
2025-11-01,1,3,4,78,78
2025-11-01,1,3,5,4,56
2025-11-01,1,4,1,25,25
2025-11-01,1,4,2,96,102
2025-11-01,1,4,3,121,47
2025-11-01,1,4,4,62,84
2025-11-01,1,4,5,2,116
2025-11-01,1,5,1,25,30
2025-11-01,1,5,2,83,91
2025-11-01,1,5,3,316,73
2025-11-01,1,5,4,79,96
2025-11-01,1,5,5,10,42
2025-11-01,1,6,1,28,29
2025-11-01,1,6,2,90,96
2025-11-01,1,6,3,169,52
2025-11-01,1,6,4,77,84
2025-11-01,1,6,5,6,108
2025-11-01,1,7,1,28,32
2025-11-01,1,7,2,88,93
2025-11-01,1,7,3,160,49
2025-11-01,1,7,4,67,83
2025-11-01,1,7,5,10,41
2025-11-01,1,8,1,21,26
2025-11-01,1,8,2,91,107
2025-11-01,1,8,3,201,75
2025-11-01,1,8,4,69,83
2025-11-01,1,8,5,10,76
2025-11-01,2,1,1,20,28
2025-11-01,2,1,2,89,92
2025-11-01,2,1,3,348,79
2025-11-01,2,1,4,85,85
2025-11-01,2,1,5,1,96
2025-11-01,2,2,1,18,27
2025-11-01,2,2,2,81,105
2025-11-01,2,2,3,218,46
2025-11-01,2,2,4,65,76
2025-11-01,2,2,5,7,94
2025-11-01,2,3,1,27,27
2025-11-01,2,3,2,98,109
2025-11-01,2,3,3,334,80
2025-11-01,2,3,4,88,97
2025-11-01,2,3,5,6,118
2025-11-01,2,4,1,23,29
2025-11-01,2,4,2,96,96
2025-11-01,2,4,3,356,45
2025-11-01,2,4,4,89,99
2025-11-01,2,4,5,3,112
2025-11-01,2,5,1,26,26
2025-11-01,2,5,2,83,104
2025-11-01,2,5,3,199,69
2025-11-01,2,5,4,89,96
2025-11-01,2,5,5,4,100
2025-11-01,2,6,1,20,28
2025-11-01,2,6,2,88,109
2025-11-01,2,6,3,220,63
2025-11-01,2,6,4,80,80
2025-11-01,2,6,5,8,81
2025-11-01,2,7,1,18,32
2025-11-01,2,7,2,92,92
2025-11-01,2,7,3,209,47
2025-11-01,2,7,4,89,90
2025-11-01,2,7,5,5,61
2025-11-01,2,8,1,27,30
2025-11-01,2,8,2,84,108
2025-11-01,2,8,3,146,72
2025-11-01,2,8,4,66,87
2025-11-01,2,8,5,9,81
2025-11-01,3,1,1,26,26
2025-11-01,3,1,2,97,99
2025-11-01,3,1,3,222,69
2025-11-01,3,1,4,86,93
2025-11-01,3,1,5,10,70
2025-11-01,3,2,1,26,28
2025-11-01,3,2,2,95,95
2025-11-01,3,2,3,136,64
2025-11-01,3,2,4,73,85
2025-11-01,3,2,5,7,115
2025-11-01,3,3,1,27,31
2025-11-01,3,3,2,97,100
2025-11-01,3,3,3,180,84
2025-11-01,3,3,4,64,80
2025-11-01,3,3,5,8,113
2025-11-01,3,4,1,26,26
2025-11-01,3,4,2,94,109
2025-11-01,3,4,3,262,60
2025-11-01,3,4,4,78,78
2025-11-01,3,4,5,5,62
2025-11-01,3,5,1,19,31
2025-11-01,3,5,2,83,109
2025-11-01,3,5,3,328,83
2025-11-01,3,5,4,84,94
2025-11-01,3,5,5,8,81
2025-11-01,3,6,1,19,25
2025-11-01,3,6,2,84,96
2025-11-01,3,6,3,351,77
2025-11-01,3,6,4,60,99
2025-11-01,3,6,5,11,58
2025-11-01,3,7,1,25,27
2025-11-01,3,7,2,89,107
2025-11-01,3,7,3,277,64
2025-11-01,3,7,4,88,93
2025-11-01,3,7,5,4,65
2025-11-01,3,8,1,22,30
2025-11-01,3,8,2,89,108
2025-11-01,3,8,3,303,67
2025-11-01,3,8,4,65,86
2025-11-01,3,8,5,1,114
2025-11-01,4,1,1,20,31
2025-11-01,4,1,2,81,99
2025-11-01,4,1,3,350,63
2025-11-01,4,1,4,63,92
2025-11-01,4,1,5,12,40
2025-11-01,4,2,1,19,30
2025-11-01,4,2,2,80,99
2025-11-01,4,2,3,230,55
2025-11-01,4,2,4,85,97
2025-11-01,4,2,5,6,120
2025-11-01,4,3,1,24,31
2025-11-01,4,3,2,93,102
2025-11-01,4,3,3,174,74
2025-11-01,4,3,4,71,96
2025-11-01,4,3,5,3,100
2025-11-01,4,4,1,26,28
2025-11-01,4,4,2,91,102
2025-11-01,4,4,3,159,66
2025-11-01,4,4,4,68,84
2025-11-01,4,4,5,1,57
2025-11-01,4,5,1,26,26
2025-11-01,4,5,2,84,90
2025-11-01,4,5,3,346,86
2025-11-01,4,5,4,87,90
2025-11-01,4,5,5,2,57
2025-11-01,4,6,1,27,27
2025-11-01,4,6,2,94,103
2025-11-01,4,6,3,298,90
2025-11-01,4,6,4,87,94
2025-11-01,4,6,5,3,119
2025-11-01,4,7,1,26,32
2025-11-01,4,7,2,97,103
2025-11-01,4,7,3,218,68
2025-11-01,4,7,4,74,86
2025-11-01,4,7,5,7,63
2025-11-01,4,8,1,25,25
2025-11-01,4,8,2,87,105
2025-11-01,4,8,3,248,85
2025-11-01,4,8,4,83,83
2025-11-01,4,8,5,10,109
2025-12-01,1,1,1,18,30
2025-12-01,1,1,2,91,91
2025-12-01,1,1,3,300,70
2025-12-01,1,1,4,67,86
2025-12-01,1,1,5,8,114
2025-12-01,1,2,1,20,26
2025-12-01,1,2,2,88,106
2025-12-01,1,2,3,252,69
2025-12-01,1,2,4,77,77
2025-12-01,1,2,5,2,118
2025-12-01,1,3,1,25,28
2025-12-01,1,3,2,82,110
2025-12-01,1,3,3,282,83
2025-12-01,1,3,4,79,92
2025-12-01,1,3,5,1,118
2025-12-01,1,4,1,26,30
2025-12-01,1,4,2,90,90
2025-12-01,1,4,3,251,69
2025-12-01,1,4,4,81,90
2025-12-01,1,4,5,6,93
2025-12-01,1,5,1,22,29
2025-12-01,1,5,2,81,95
2025-12-01,1,5,3,356,84
2025-12-01,1,5,4,79,94
2025-12-01,1,5,5,5,112
2025-12-01,1,6,1,25,25
2025-12-01,1,6,2,98,105
2025-12-01,1,6,3,266,50
2025-12-01,1,6,4,76,76
2025-12-01,1,6,5,1,119
2025-12-01,1,7,1,25,29
2025-12-01,1,7,2,84,92
2025-12-01,1,7,3,139,72
2025-12-01,1,7,4,77,100
2025-12-01,1,7,5,3,72
2025-12-01,1,8,1,22,29
2025-12-01,1,8,2,80,98
2025-12-01,1,8,3,148,87
2025-12-01,1,8,4,71,94
2025-12-01,1,8,5,12,115
2025-12-01,2,1,1,27,27
2025-12-01,2,1,2,91,104
2025-12-01,2,1,3,186,51
2025-12-01,2,1,4,75,100
2025-12-01,2,1,5,3,102
2025-12-01,2,2,1,23,25
2025-12-01,2,2,2,84,92
2025-12-01,2,2,3,359,78
2025-12-01,2,2,4,79,79
2025-12-01,2,2,5,7,92
2025-12-01,2,3,1,28,28
2025-12-01,2,3,2,100,104
2025-12-01,2,3,3,173,50
2025-12-01,2,3,4,82,93
2025-12-01,2,3,5,11,46
2025-12-01,2,4,1,29,29
2025-12-01,2,4,2,81,93
2025-12-01,2,4,3,238,50
2025-12-01,2,4,4,87,87
2025-12-01,2,4,5,8,78
2025-12-01,2,5,1,24,28
2025-12-01,2,5,2,95,102
2025-12-01,2,5,3,157,56
2025-12-01,2,5,4,87,91
2025-12-01,2,5,5,5,41
2025-12-01,2,6,1,24,32
2025-12-01,2,6,2,96,100
2025-12-01,2,6,3,130,83
2025-12-01,2,6,4,78,78
2025-12-01,2,6,5,7,85
2025-12-01,2,7,1,23,29
2025-12-01,2,7,2,88,98
2025-12-01,2,7,3,185,46
2025-12-01,2,7,4,85,95
2025-12-01,2,7,5,11,99
2025-12-01,2,8,1,28,28
2025-12-01,2,8,2,86,108
2025-12-01,2,8,3,206,73
2025-12-01,2,8,4,71,96
2025-12-01,2,8,5,9,80
2025-12-01,3,1,1,25,25
2025-12-01,3,1,2,82,90
2025-12-01,3,1,3,225,40
2025-12-01,3,1,4,78,78
2025-12-01,3,1,5,11,53
2025-12-01,3,2,1,23,32
2025-12-01,3,2,2,89,97
2025-12-01,3,2,3,169,56
2025-12-01,3,2,4,61,76
2025-12-01,3,2,5,2,119
2025-12-01,3,3,1,25,25
2025-12-01,3,3,2,96,96
2025-12-01,3,3,3,151,80
2025-12-01,3,3,4,67,97
2025-12-01,3,3,5,10,51
2025-12-01,3,4,1,24,27
2025-12-01,3,4,2,98,110
2025-12-01,3,4,3,349,51
2025-12-01,3,4,4,71,78
2025-12-01,3,4,5,5,72
2025-12-01,3,5,1,28,32
2025-12-01,3,5,2,92,92
2025-12-01,3,5,3,356,69
2025-12-01,3,5,4,83,83
2025-12-01,3,5,5,5,81
2025-12-01,3,6,1,27,27
2025-12-01,3,6,2,88,92
2025-12-01,3,6,3,135,89
2025-12-01,3,6,4,84,87
2025-12-01,3,6,5,1,82
2025-12-01,3,7,1,22,29
2025-12-01,3,7,2,94,95
2025-12-01,3,7,3,245,44
2025-12-01,3,7,4,81,81
2025-12-01,3,7,5,11,62
2025-12-01,3,8,1,19,32
2025-12-01,3,8,2,94,94
2025-12-01,3,8,3,230,89
2025-12-01,3,8,4,66,81
2025-12-01,3,8,5,12,96
2025-12-01,4,1,1,19,29
2025-12-01,4,1,2,82,91
2025-12-01,4,1,3,266,44
2025-12-01,4,1,4,76,98
2025-12-01,4,1,5,1,97
2025-12-01,4,2,1,20,32
2025-12-01,4,2,2,100,110
2025-12-01,4,2,3,358,40
2025-12-01,4,2,4,76,76
2025-12-01,4,2,5,3,74
2025-12-01,4,3,1,24,30
2025-12-01,4,3,2,80,108
2025-12-01,4,3,3,301,72
2025-12-01,4,3,4,91,99
2025-12-01,4,3,5,7,101
2025-12-01,4,4,1,29,31
2025-12-01,4,4,2,92,92
2025-12-01,4,4,3,120,54
2025-12-01,4,4,4,87,87
2025-12-01,4,4,5,10,55
2025-12-01,4,5,1,23,30
2025-12-01,4,5,2,92,99
2025-12-01,4,5,3,281,43
2025-12-01,4,5,4,65,95
2025-12-01,4,5,5,9,86
2025-12-01,4,6,1,19,30
2025-12-01,4,6,2,89,104
2025-12-01,4,6,3,171,81
2025-12-01,4,6,4,80,80
2025-12-01,4,6,5,7,45
2025-12-01,4,7,1,22,28
2025-12-01,4,7,2,83,102
2025-12-01,4,7,3,296,80
2025-12-01,4,7,4,86,86
2025-12-01,4,7,5,11,50
2025-12-01,4,8,1,29,32
2025-12-01,4,8,2,84,96
2025-12-01,4,8,3,169,42
2025-12-01,4,8,4,75,75
2025-12-01,4,8,5,7,102
2026-01-01,1,1,1,26,26
2026-01-01,1,1,2,100,107
2026-01-01,1,1,3,247,59
2026-01-01,1,1,4,88,92
2026-01-01,1,1,5,1,42
2026-01-01,1,2,1,18,30
2026-01-01,1,2,2,81,100
2026-01-01,1,2,3,150,65
2026-01-01,1,2,4,81,81
2026-01-01,1,2,5,11,98
2026-01-01,1,3,1,27,27
2026-01-01,1,3,2,87,108
2026-01-01,1,3,3,129,44
2026-01-01,1,3,4,69,98
2026-01-01,1,3,5,11,102
2026-01-01,1,4,1,25,25
2026-01-01,1,4,2,81,109
2026-01-01,1,4,3,299,55
2026-01-01,1,4,4,68,95
2026-01-01,1,4,5,3,41
2026-01-01,1,5,1,22,25
2026-01-01,1,5,2,93,93
2026-01-01,1,5,3,163,79
2026-01-01,1,5,4,64,93
2026-01-01,1,5,5,2,53
2026-01-01,1,6,1,27,32
2026-01-01,1,6,2,87,109
2026-01-01,1,6,3,325,44
2026-01-01,1,6,4,81,81
2026-01-01,1,6,5,12,83
2026-01-01,1,7,1,23,31
2026-01-01,1,7,2,93,93
2026-01-01,1,7,3,155,74
2026-01-01,1,7,4,73,85
2026-01-01,1,7,5,10,45
2026-01-01,1,8,1,23,27
2026-01-01,1,8,2,83,92
2026-01-01,1,8,3,156,57
2026-01-01,1,8,4,86,99
2026-01-01,1,8,5,12,61
2026-01-01,2,1,1,26,30
2026-01-01,2,1,2,94,95
2026-01-01,2,1,3,356,55
2026-01-01,2,1,4,62,93
2026-01-01,2,1,5,2,57
2026-01-01,2,2,1,30,31
2026-01-01,2,2,2,80,95
2026-01-01,2,2,3,140,71
2026-01-01,2,2,4,60,75
2026-01-01,2,2,5,2,62
2026-01-01,2,3,1,24,29
2026-01-01,2,3,2,84,105
2026-01-01,2,3,3,156,53
2026-01-01,2,3,4,77,95
2026-01-01,2,3,5,8,106
2026-01-01,2,4,1,21,31
2026-01-01,2,4,2,95,95
2026-01-01,2,4,3,129,84
2026-01-01,2,4,4,71,94
2026-01-01,2,4,5,10,103
2026-01-01,2,5,1,26,26
2026-01-01,2,5,2,91,99
2026-01-01,2,5,3,121,66
2026-01-01,2,5,4,75,92
2026-01-01,2,5,5,2,64
2026-01-01,2,6,1,26,26
2026-01-01,2,6,2,97,101
2026-01-01,2,6,3,176,72
2026-01-01,2,6,4,73,89
2026-01-01,2,6,5,1,75
2026-01-01,2,7,1,19,28
2026-01-01,2,7,2,94,94
2026-01-01,2,7,3,165,71
2026-01-01,2,7,4,62,80
2026-01-01,2,7,5,11,46
2026-01-01,2,8,1,22,30
2026-01-01,2,8,2,93,96
2026-01-01,2,8,3,205,56
2026-01-01,2,8,4,89,94
2026-01-01,2,8,5,2,45
2026-01-01,3,1,1,25,25
2026-01-01,3,1,2,85,95
2026-01-01,3,1,3,127,90
2026-01-01,3,1,4,90,90
2026-01-01,3,1,5,2,54
2026-01-01,3,2,1,28,28
2026-01-01,3,2,2,98,104
2026-01-01,3,2,3,203,77
2026-01-01,3,2,4,72,88
2026-01-01,3,2,5,4,81
2026-01-01,3,3,1,23,26
2026-01-01,3,3,2,83,97
2026-01-01,3,3,3,308,55
2026-01-01,3,3,4,72,88
2026-01-01,3,3,5,4,88
2026-01-01,3,4,1,25,26
2026-01-01,3,4,2,95,108
2026-01-01,3,4,3,347,43
2026-01-01,3,4,4,69,88
2026-01-01,3,4,5,10,67
2026-01-01,3,5,1,20,32
2026-01-01,3,5,2,91,102
2026-01-01,3,5,3,237,48
2026-01-01,3,5,4,72,98
2026-01-01,3,5,5,6,120
2026-01-01,3,6,1,21,29
2026-01-01,3,6,2,84,100
2026-01-01,3,6,3,297,42
2026-01-01,3,6,4,63,93
2026-01-01,3,6,5,3,75
2026-01-01,3,7,1,25,26
2026-01-01,3,7,2,93,104
2026-01-01,3,7,3,314,50
2026-01-01,3,7,4,74,85
2026-01-01,3,7,5,10,77
2026-01-01,3,8,1,27,27
2026-01-01,3,8,2,99,110
2026-01-01,3,8,3,267,50
2026-01-01,3,8,4,74,92
2026-01-01,3,8,5,7,51
2026-01-01,4,1,1,21,32
2026-01-01,4,1,2,95,108
2026-01-01,4,1,3,191,69
2026-01-01,4,1,4,75,75
2026-01-01,4,1,5,4,71
2026-01-01,4,2,1,24,30
2026-01-01,4,2,2,87,108
2026-01-01,4,2,3,158,77
2026-01-01,4,2,4,60,93
2026-01-01,4,2,5,1,93
2026-01-01,4,3,1,25,25
2026-01-01,4,3,2,81,106
2026-01-01,4,3,3,255,67
2026-01-01,4,3,4,87,87
2026-01-01,4,3,5,8,52
2026-01-01,4,4,1,21,32
2026-01-01,4,4,2,92,92
2026-01-01,4,4,3,123,88
2026-01-01,4,4,4,86,97
2026-01-01,4,4,5,3,67
2026-01-01,4,5,1,22,30
2026-01-01,4,5,2,97,97
2026-01-01,4,5,3,124,45
2026-01-01,4,5,4,79,90
2026-01-01,4,5,5,12,60
2026-01-01,4,6,1,27,32
2026-01-01,4,6,2,80,108
2026-01-01,4,6,3,238,69
2026-01-01,4,6,4,68,99
2026-01-01,4,6,5,3,91
2026-01-01,4,7,1,28,30
2026-01-01,4,7,2,100,104
2026-01-01,4,7,3,340,40
2026-01-01,4,7,4,64,95
2026-01-01,4,7,5,12,89
2026-01-01,4,8,1,26,30
2026-01-01,4,8,2,89,91
2026-01-01,4,8,3,312,67
2026-01-01,4,8,4,83,83
2026-01-01,4,8,5,4,113
2026-02-01,1,1,1,26,26
2026-02-01,1,1,2,81,100
2026-02-01,1,1,3,352,72
2026-02-01,1,1,4,83,96
2026-02-01,1,1,5,2,46
2026-02-01,1,2,1,23,31
2026-02-01,1,2,2,99,104
2026-02-01,1,2,3,213,42
2026-02-01,1,2,4,71,86
2026-02-01,1,2,5,12,111
2026-02-01,1,3,1,26,26
2026-02-01,1,3,2,84,96
2026-02-01,1,3,3,181,61
2026-02-01,1,3,4,67,92
2026-02-01,1,3,5,12,101
2026-02-01,1,4,1,28,28
2026-02-01,1,4,2,90,97
2026-02-01,1,4,3,349,62
2026-02-01,1,4,4,83,83
2026-02-01,1,4,5,5,94
2026-02-01,1,5,1,19,25
2026-02-01,1,5,2,91,101
2026-02-01,1,5,3,244,68
2026-02-01,1,5,4,91,91
2026-02-01,1,5,5,8,55
2026-02-01,1,6,1,25,29
2026-02-01,1,6,2,91,109
2026-02-01,1,6,3,297,83
2026-02-01,1,6,4,64,100
2026-02-01,1,6,5,8,64
2026-02-01,1,7,1,19,26
2026-02-01,1,7,2,85,102
2026-02-01,1,7,3,139,58
2026-02-01,1,7,4,70,78
2026-02-01,1,7,5,2,75
2026-02-01,1,8,1,25,27
2026-02-01,1,8,2,86,94
2026-02-01,1,8,3,280,73
2026-02-01,1,8,4,75,75
2026-02-01,1,8,5,11,93
2026-02-01,2,1,1,25,27
2026-02-01,2,1,2,93,101
2026-02-01,2,1,3,308,68
2026-02-01,2,1,4,61,95
2026-02-01,2,1,5,4,77
2026-02-01,2,2,1,18,26
2026-02-01,2,2,2,96,97
2026-02-01,2,2,3,205,81
2026-02-01,2,2,4,81,88
2026-02-01,2,2,5,8,81
2026-02-01,2,3,1,25,32
2026-02-01,2,3,2,98,99
2026-02-01,2,3,3,349,48
2026-02-01,2,3,4,79,100
2026-02-01,2,3,5,5,61
2026-02-01,2,4,1,25,28
2026-02-01,2,4,2,89,101
2026-02-01,2,4,3,336,89
2026-02-01,2,4,4,69,76
2026-02-01,2,4,5,5,85
2026-02-01,2,5,1,20,32
2026-02-01,2,5,2,85,109
2026-02-01,2,5,3,257,85
2026-02-01,2,5,4,71,84
2026-02-01,2,5,5,12,62
2026-02-01,2,6,1,20,27
2026-02-01,2,6,2,83,97
2026-02-01,2,6,3,201,42
2026-02-01,2,6,4,68,93
2026-02-01,2,6,5,5,96
2026-02-01,2,7,1,20,30
2026-02-01,2,7,2,96,96
2026-02-01,2,7,3,128,85
2026-02-01,2,7,4,80,96
2026-02-01,2,7,5,3,84
2026-02-01,2,8,1,25,30
2026-02-01,2,8,2,85,107
2026-02-01,2,8,3,197,74
2026-02-01,2,8,4,61,78
2026-02-01,2,8,5,8,91
2026-02-01,3,1,1,25,27
2026-02-01,3,1,2,84,100
2026-02-01,3,1,3,309,40
2026-02-01,3,1,4,92,92
2026-02-01,3,1,5,11,82
2026-02-01,3,2,1,25,29
2026-02-01,3,2,2,98,99
2026-02-01,3,2,3,157,82
2026-02-01,3,2,4,88,100
2026-02-01,3,2,5,12,83
2026-02-01,3,3,1,26,26
2026-02-01,3,3,2,81,105
2026-02-01,3,3,3,293,48
2026-02-01,3,3,4,67,92
2026-02-01,3,3,5,1,79
2026-02-01,3,4,1,27,31
2026-02-01,3,4,2,94,97
2026-02-01,3,4,3,143,62
2026-02-01,3,4,4,63,85
2026-02-01,3,4,5,11,117
2026-02-01,3,5,1,27,28
2026-02-01,3,5,2,87,106
2026-02-01,3,5,3,359,90
2026-02-01,3,5,4,77,99
2026-02-01,3,5,5,1,65
2026-02-01,3,6,1,26,26
2026-02-01,3,6,2,82,104
2026-02-01,3,6,3,220,72
2026-02-01,3,6,4,81,81
2026-02-01,3,6,5,10,80
2026-02-01,3,7,1,25,25
2026-02-01,3,7,2,92,101
2026-02-01,3,7,3,303,49
2026-02-01,3,7,4,83,88
2026-02-01,3,7,5,6,89
2026-02-01,3,8,1,22,25
2026-02-01,3,8,2,91,101
2026-02-01,3,8,3,234,59
2026-02-01,3,8,4,65,92
2026-02-01,3,8,5,12,67
2026-02-01,4,1,1,29,32
2026-02-01,4,1,2,94,103
2026-02-01,4,1,3,161,58
2026-02-01,4,1,4,87,100
2026-02-01,4,1,5,3,93
2026-02-01,4,2,1,20,26
2026-02-01,4,2,2,89,96
2026-02-01,4,2,3,342,70
2026-02-01,4,2,4,81,91
2026-02-01,4,2,5,10,48
2026-02-01,4,3,1,19,31
2026-02-01,4,3,2,90,90
2026-02-01,4,3,3,354,80
2026-02-01,4,3,4,83,83
2026-02-01,4,3,5,9,62
2026-02-01,4,4,1,29,32
2026-02-01,4,4,2,84,108
2026-02-01,4,4,3,167,52
2026-02-01,4,4,4,78,87
2026-02-01,4,4,5,8,110
2026-02-01,4,5,1,22,25
2026-02-01,4,5,2,89,108
2026-02-01,4,5,3,263,71
2026-02-01,4,5,4,89,98
2026-02-01,4,5,5,1,68
2026-02-01,4,6,1,20,25
2026-02-01,4,6,2,89,98
2026-02-01,4,6,3,333,80
2026-02-01,4,6,4,90,95
2026-02-01,4,6,5,11,55
2026-02-01,4,7,1,24,29
2026-02-01,4,7,2,95,95
2026-02-01,4,7,3,285,84
2026-02-01,4,7,4,61,82
2026-02-01,4,7,5,5,55
2026-02-01,4,8,1,19,32
2026-02-01,4,8,2,91,109
2026-02-01,4,8,3,243,77
2026-02-01,4,8,4,87,93
2026-02-01,4,8,5,11,73
2026-03-01,1,1,1,29,32
2026-03-01,1,1,2,91,93
2026-03-01,1,1,3,307,72
2026-03-01,1,1,4,61,93
2026-03-01,1,1,5,3,73
2026-03-01,1,2,1,20,25
2026-03-01,1,2,2,94,100
2026-03-01,1,2,3,154,84
2026-03-01,1,2,4,70,86
2026-03-01,1,2,5,5,46
2026-03-01,1,3,1,24,30
2026-03-01,1,3,2,91,110
2026-03-01,1,3,3,194,43
2026-03-01,1,3,4,84,84
2026-03-01,1,3,5,9,49
2026-03-01,1,4,1,28,28
2026-03-01,1,4,2,85,110
2026-03-01,1,4,3,144,88
2026-03-01,1,4,4,70,94
2026-03-01,1,4,5,6,109
2026-03-01,1,5,1,28,30
2026-03-01,1,5,2,88,99
2026-03-01,1,5,3,298,83
2026-03-01,1,5,4,83,97
2026-03-01,1,5,5,9,52
2026-03-01,1,6,1,20,30
2026-03-01,1,6,2,84,90
2026-03-01,1,6,3,192,73
2026-03-01,1,6,4,86,86
2026-03-01,1,6,5,6,92
2026-03-01,1,7,1,19,27
2026-03-01,1,7,2,84,96
2026-03-01,1,7,3,176,72
2026-03-01,1,7,4,81,81
2026-03-01,1,7,5,12,118
2026-03-01,1,8,1,24,26
2026-03-01,1,8,2,82,104
2026-03-01,1,8,3,329,47
2026-03-01,1,8,4,61,79
2026-03-01,1,8,5,6,101
2026-03-01,2,1,1,29,29
2026-03-01,2,1,2,84,101
2026-03-01,2,1,3,347,68
2026-03-01,2,1,4,93,94
2026-03-01,2,1,5,3,83
2026-03-01,2,2,1,18,29
2026-03-01,2,2,2,87,93
2026-03-01,2,2,3,339,48
2026-03-01,2,2,4,69,97
2026-03-01,2,2,5,5,69
2026-03-01,2,3,1,21,27
2026-03-01,2,3,2,82,94
2026-03-01,2,3,3,296,67
2026-03-01,2,3,4,67,99
2026-03-01,2,3,5,1,49
2026-03-01,2,4,1,30,32
2026-03-01,2,4,2,81,103
2026-03-01,2,4,3,147,52
2026-03-01,2,4,4,76,76
2026-03-01,2,4,5,1,115
2026-03-01,2,5,1,19,32
2026-03-01,2,5,2,81,98
2026-03-01,2,5,3,197,44
2026-03-01,2,5,4,60,96
2026-03-01,2,5,5,2,52
2026-03-01,2,6,1,27,28
2026-03-01,2,6,2,85,96
2026-03-01,2,6,3,209,82
2026-03-01,2,6,4,65,75
2026-03-01,2,6,5,12,58
2026-03-01,2,7,1,27,29
2026-03-01,2,7,2,91,101
2026-03-01,2,7,3,338,50
2026-03-01,2,7,4,75,91
2026-03-01,2,7,5,10,104
2026-03-01,2,8,1,19,26
2026-03-01,2,8,2,80,108
2026-03-01,2,8,3,175,73
2026-03-01,2,8,4,72,97
2026-03-01,2,8,5,3,76
2026-03-01,3,1,1,25,25
2026-03-01,3,1,2,86,93
2026-03-01,3,1,3,337,72
2026-03-01,3,1,4,90,97
2026-03-01,3,1,5,12,86
2026-03-01,3,2,1,25,27
2026-03-01,3,2,2,85,93
2026-03-01,3,2,3,217,62
2026-03-01,3,2,4,73,88
2026-03-01,3,2,5,4,105
2026-03-01,3,3,1,19,31
2026-03-01,3,3,2,83,100
2026-03-01,3,3,3,148,69
2026-03-01,3,3,4,68,91
2026-03-01,3,3,5,6,103
2026-03-01,3,4,1,26,29
2026-03-01,3,4,2,82,91
2026-03-01,3,4,3,246,60
2026-03-01,3,4,4,78,78
2026-03-01,3,4,5,8,76
2026-03-01,3,5,1,28,29
2026-03-01,3,5,2,87,104
2026-03-01,3,5,3,224,75
2026-03-01,3,5,4,84,84
2026-03-01,3,5,5,2,64
2026-03-01,3,6,1,28,32
2026-03-01,3,6,2,85,101
2026-03-01,3,6,3,292,40
2026-03-01,3,6,4,66,90
2026-03-01,3,6,5,8,90
2026-03-01,3,7,1,19,26
2026-03-01,3,7,2,92,94
2026-03-01,3,7,3,297,65
2026-03-01,3,7,4,66,93
2026-03-01,3,7,5,2,61
2026-03-01,3,8,1,21,30
2026-03-01,3,8,2,86,100
2026-03-01,3,8,3,336,78
2026-03-01,3,8,4,67,87
2026-03-01,3,8,5,7,69
2026-03-01,4,1,1,22,32
2026-03-01,4,1,2,98,108
2026-03-01,4,1,3,313,57
2026-03-01,4,1,4,85,100
2026-03-01,4,1,5,8,85
2026-03-01,4,2,1,25,31
2026-03-01,4,2,2,88,106
2026-03-01,4,2,3,316,49
2026-03-01,4,2,4,66,89
2026-03-01,4,2,5,5,55
2026-03-01,4,3,1,25,32
2026-03-01,4,3,2,97,97
2026-03-01,4,3,3,127,48
2026-03-01,4,3,4,63,78
2026-03-01,4,3,5,8,48
2026-03-01,4,4,1,20,25
2026-03-01,4,4,2,99,102
2026-03-01,4,4,3,203,83
2026-03-01,4,4,4,79,79
2026-03-01,4,4,5,10,119
2026-03-01,4,5,1,26,26
2026-03-01,4,5,2,92,92
2026-03-01,4,5,3,246,89
2026-03-01,4,5,4,89,100
2026-03-01,4,5,5,5,65
2026-03-01,4,6,1,25,32
2026-03-01,4,6,2,88,106
2026-03-01,4,6,3,207,74
2026-03-01,4,6,4,94,100
2026-03-01,4,6,5,1,109
2026-03-01,4,7,1,24,25
2026-03-01,4,7,2,92,93
2026-03-01,4,7,3,200,68
2026-03-01,4,7,4,87,87
2026-03-01,4,7,5,1,98
2026-03-01,4,8,1,20,25
2026-03-01,4,8,2,89,107
2026-03-01,4,8,3,162,85
2026-03-01,4,8,4,87,90
2026-03-01,4,8,5,5,57
2026-04-01,1,1,1,25,31
2026-04-01,1,1,2,93,93
2026-04-01,1,1,3,245,83
2026-04-01,1,1,4,95,96
2026-04-01,1,1,5,10,109
2026-04-01,1,2,1,25,32
2026-04-01,1,2,2,85,107
2026-04-01,1,2,3,134,72
2026-04-01,1,2,4,76,87
2026-04-01,1,2,5,10,103
2026-04-01,1,3,1,27,31
2026-04-01,1,3,2,89,101
2026-04-01,1,3,3,135,60
2026-04-01,1,3,4,62,75
2026-04-01,1,3,5,6,56
2026-04-01,1,4,1,30,30
2026-04-01,1,4,2,80,108
2026-04-01,1,4,3,348,88
2026-04-01,1,4,4,81,95
2026-04-01,1,4,5,2,88
2026-04-01,1,5,1,23,31
2026-04-01,1,5,2,93,101
2026-04-01,1,5,3,134,62
2026-04-01,1,5,4,75,96
2026-04-01,1,5,5,4,71
2026-04-01,1,6,1,27,29
2026-04-01,1,6,2,82,92
2026-04-01,1,6,3,149,59
2026-04-01,1,6,4,70,85
2026-04-01,1,6,5,9,42
2026-04-01,1,7,1,18,30
2026-04-01,1,7,2,93,104
2026-04-01,1,7,3,251,76
2026-04-01,1,7,4,77,88
2026-04-01,1,7,5,12,42
2026-04-01,1,8,1,27,32
2026-04-01,1,8,2,90,90
2026-04-01,1,8,3,266,64
2026-04-01,1,8,4,80,87
2026-04-01,1,8,5,2,113
2026-04-01,2,1,1,19,32
2026-04-01,2,1,2,90,96
2026-04-01,2,1,3,248,71
2026-04-01,2,1,4,81,100
2026-04-01,2,1,5,10,61
2026-04-01,2,2,1,23,29
2026-04-01,2,2,2,86,103
2026-04-01,2,2,3,282,71
2026-04-01,2,2,4,64,100
2026-04-01,2,2,5,4,108
2026-04-01,2,3,1,22,29
2026-04-01,2,3,2,89,91
2026-04-01,2,3,3,222,76
2026-04-01,2,3,4,74,100
2026-04-01,2,3,5,12,119
2026-04-01,2,4,1,26,26
2026-04-01,2,4,2,83,108
2026-04-01,2,4,3,206,77
2026-04-01,2,4,4,64,83
2026-04-01,2,4,5,9,112
2026-04-01,2,5,1,24,32
2026-04-01,2,5,2,91,96
2026-04-01,2,5,3,139,90
2026-04-01,2,5,4,79,95
2026-04-01,2,5,5,5,104
2026-04-01,2,6,1,28,31
2026-04-01,2,6,2,90,107
2026-04-01,2,6,3,226,52
2026-04-01,2,6,4,76,87
2026-04-01,2,6,5,9,119
2026-04-01,2,7,1,28,32
2026-04-01,2,7,2,85,107
2026-04-01,2,7,3,280,41
2026-04-01,2,7,4,93,97
2026-04-01,2,7,5,10,63
2026-04-01,2,8,1,21,32
2026-04-01,2,8,2,88,104
2026-04-01,2,8,3,256,80
2026-04-01,2,8,4,87,100
2026-04-01,2,8,5,12,112
2026-04-01,3,1,1,25,25
2026-04-01,3,1,2,91,96
2026-04-01,3,1,3,157,69
2026-04-01,3,1,4,69,82
2026-04-01,3,1,5,7,78
2026-04-01,3,2,1,23,31
2026-04-01,3,2,2,92,92
2026-04-01,3,2,3,336,53
2026-04-01,3,2,4,77,88
2026-04-01,3,2,5,11,76
2026-04-01,3,3,1,22,27
2026-04-01,3,3,2,87,109
2026-04-01,3,3,3,181,65
2026-04-01,3,3,4,69,78
2026-04-01,3,3,5,1,64
2026-04-01,3,4,1,28,28
2026-04-01,3,4,2,94,99
2026-04-01,3,4,3,263,71
2026-04-01,3,4,4,87,88
2026-04-01,3,4,5,4,44
2026-04-01,3,5,1,22,27
2026-04-01,3,5,2,80,94
2026-04-01,3,5,3,322,56
2026-04-01,3,5,4,77,100
2026-04-01,3,5,5,3,110
2026-04-01,3,6,1,25,25
2026-04-01,3,6,2,80,105
2026-04-01,3,6,3,340,43
2026-04-01,3,6,4,77,77
2026-04-01,3,6,5,5,117
2026-04-01,3,7,1,24,26
2026-04-01,3,7,2,82,101
2026-04-01,3,7,3,334,65
2026-04-01,3,7,4,68,98
2026-04-01,3,7,5,2,70
2026-04-01,3,8,1,26,26
2026-04-01,3,8,2,96,108
2026-04-01,3,8,3,247,56
2026-04-01,3,8,4,75,77
2026-04-01,3,8,5,2,116
2026-04-01,4,1,1,23,30
2026-04-01,4,1,2,92,108
2026-04-01,4,1,3,310,87
2026-04-01,4,1,4,82,82
2026-04-01,4,1,5,3,67
2026-04-01,4,2,1,20,26
2026-04-01,4,2,2,88,96
2026-04-01,4,2,3,224,68
2026-04-01,4,2,4,63,83
2026-04-01,4,2,5,9,102
2026-04-01,4,3,1,29,30
2026-04-01,4,3,2,90,93
2026-04-01,4,3,3,228,74
2026-04-01,4,3,4,75,90
2026-04-01,4,3,5,3,75
2026-04-01,4,4,1,25,30
2026-04-01,4,4,2,89,101
2026-04-01,4,4,3,285,41
2026-04-01,4,4,4,62,94
2026-04-01,4,4,5,12,46
2026-04-01,4,5,1,22,28
2026-04-01,4,5,2,92,107
2026-04-01,4,5,3,283,59
2026-04-01,4,5,4,83,97
2026-04-01,4,5,5,9,55
2026-04-01,4,6,1,25,28
2026-04-01,4,6,2,80,102
2026-04-01,4,6,3,357,65
2026-04-01,4,6,4,79,83
2026-04-01,4,6,5,4,51
2026-04-01,4,7,1,21,29
2026-04-01,4,7,2,94,95
2026-04-01,4,7,3,201,80
2026-04-01,4,7,4,86,100
2026-04-01,4,7,5,5,44
2026-04-01,4,8,1,26,26
2026-04-01,4,8,2,95,105
2026-04-01,4,8,3,225,87
2026-04-01,4,8,4,85,85
2026-04-01,4,8,5,3,52
2026-05-01,1,1,1,26,29
2026-05-01,1,1,2,91,92
2026-05-01,1,1,3,274,66
2026-05-01,1,1,4,95,98
2026-05-01,1,1,5,8,81
2026-05-01,1,2,1,25,25
2026-05-01,1,2,2,91,91
2026-05-01,1,2,3,167,81
2026-05-01,1,2,4,88,95
2026-05-01,1,2,5,1,57
2026-05-01,1,3,1,21,31
2026-05-01,1,3,2,89,110
2026-05-01,1,3,3,267,60
2026-05-01,1,3,4,67,77
2026-05-01,1,3,5,4,60
2026-05-01,1,4,1,27,27
2026-05-01,1,4,2,90,103
2026-05-01,1,4,3,242,68
2026-05-01,1,4,4,68,98
2026-05-01,1,4,5,3,73
2026-05-01,1,5,1,30,30
2026-05-01,1,5,2,86,99
2026-05-01,1,5,3,226,45
2026-05-01,1,5,4,71,86
2026-05-01,1,5,5,7,90
2026-05-01,1,6,1,18,28
2026-05-01,1,6,2,90,90
2026-05-01,1,6,3,276,81
2026-05-01,1,6,4,74,95
2026-05-01,1,6,5,8,51
2026-05-01,1,7,1,22,28
2026-05-01,1,7,2,81,95
2026-05-01,1,7,3,278,65
2026-05-01,1,7,4,76,88
2026-05-01,1,7,5,2,59
2026-05-01,1,8,1,20,30
2026-05-01,1,8,2,83,108
2026-05-01,1,8,3,303,40
2026-05-01,1,8,4,87,91
2026-05-01,1,8,5,11,98
2026-05-01,2,1,1,19,32
2026-05-01,2,1,2,86,97
2026-05-01,2,1,3,340,52
2026-05-01,2,1,4,77,100
2026-05-01,2,1,5,12,76
2026-05-01,2,2,1,24,32
2026-05-01,2,2,2,93,94
2026-05-01,2,2,3,273,53
2026-05-01,2,2,4,78,81
2026-05-01,2,2,5,7,64
2026-05-01,2,3,1,24,27
2026-05-01,2,3,2,80,94
2026-05-01,2,3,3,187,58
2026-05-01,2,3,4,82,82
2026-05-01,2,3,5,6,71
2026-05-01,2,4,1,19,32
2026-05-01,2,4,2,90,90
2026-05-01,2,4,3,343,48
2026-05-01,2,4,4,85,85
2026-05-01,2,4,5,12,67
2026-05-01,2,5,1,29,31
2026-05-01,2,5,2,99,103
2026-05-01,2,5,3,138,56
2026-05-01,2,5,4,78,78
2026-05-01,2,5,5,1,47
2026-05-01,2,6,1,21,30
2026-05-01,2,6,2,91,105
2026-05-01,2,6,3,360,78
2026-05-01,2,6,4,62,96
2026-05-01,2,6,5,5,40
2026-05-01,2,7,1,22,31
2026-05-01,2,7,2,91,102
2026-05-01,2,7,3,348,48
2026-05-01,2,7,4,62,92
2026-05-01,2,7,5,3,114
2026-05-01,2,8,1,20,29
2026-05-01,2,8,2,95,106
2026-05-01,2,8,3,344,61
2026-05-01,2,8,4,68,89
2026-05-01,2,8,5,6,51
2026-05-01,3,1,1,20,31
2026-05-01,3,1,2,83,98
2026-05-01,3,1,3,131,60
2026-05-01,3,1,4,79,79
2026-05-01,3,1,5,12,75
2026-05-01,3,2,1,24,30
2026-05-01,3,2,2,88,99
2026-05-01,3,2,3,332,79
2026-05-01,3,2,4,76,99
2026-05-01,3,2,5,6,106
2026-05-01,3,3,1,20,31
2026-05-01,3,3,2,95,100
2026-05-01,3,3,3,158,88
2026-05-01,3,3,4,88,92
2026-05-01,3,3,5,4,46
2026-05-01,3,4,1,18,27
2026-05-01,3,4,2,85,97
2026-05-01,3,4,3,240,42
2026-05-01,3,4,4,70,83
2026-05-01,3,4,5,7,99
2026-05-01,3,5,1,25,26
2026-05-01,3,5,2,91,91
2026-05-01,3,5,3,301,62
2026-05-01,3,5,4,91,92
2026-05-01,3,5,5,8,98
2026-05-01,3,6,1,26,26
2026-05-01,3,6,2,83,94
2026-05-01,3,6,3,143,62
2026-05-01,3,6,4,78,81
2026-05-01,3,6,5,3,63
2026-05-01,3,7,1,27,29
2026-05-01,3,7,2,86,108
2026-05-01,3,7,3,121,77
2026-05-01,3,7,4,71,91
2026-05-01,3,7,5,2,93
2026-05-01,3,8,1,28,28
2026-05-01,3,8,2,83,105
2026-05-01,3,8,3,126,61
2026-05-01,3,8,4,67,84
2026-05-01,3,8,5,6,90
2026-05-01,4,1,1,23,26
2026-05-01,4,1,2,80,94
2026-05-01,4,1,3,237,45
2026-05-01,4,1,4,90,97
2026-05-01,4,1,5,11,98
2026-05-01,4,2,1,27,29
2026-05-01,4,2,2,90,90
2026-05-01,4,2,3,287,42
2026-05-01,4,2,4,88,94
2026-05-01,4,2,5,12,81
2026-05-01,4,3,1,21,27
2026-05-01,4,3,2,91,91
2026-05-01,4,3,3,202,58
2026-05-01,4,3,4,63,100
2026-05-01,4,3,5,9,49
2026-05-01,4,4,1,19,31
2026-05-01,4,4,2,88,102
2026-05-01,4,4,3,181,51
2026-05-01,4,4,4,85,99
2026-05-01,4,4,5,1,51
2026-05-01,4,5,1,20,28
2026-05-01,4,5,2,92,102
2026-05-01,4,5,3,285,58
2026-05-01,4,5,4,69,99
2026-05-01,4,5,5,5,55
2026-05-01,4,6,1,30,32
2026-05-01,4,6,2,89,103
2026-05-01,4,6,3,274,83
2026-05-01,4,6,4,79,79
2026-05-01,4,6,5,6,52
2026-05-01,4,7,1,25,28
2026-05-01,4,7,2,92,104
2026-05-01,4,7,3,188,70
2026-05-01,4,7,4,87,93
2026-05-01,4,7,5,7,51
2026-05-01,4,8,1,27,30
2026-05-01,4,8,2,93,95
2026-05-01,4,8,3,229,80
2026-05-01,4,8,4,62,77
2026-05-01,4,8,5,6,105
2026-06-01,1,1,1,28,32
2026-06-01,1,1,2,97,97
2026-06-01,1,1,3,302,83
2026-06-01,1,1,4,79,79
2026-06-01,1,1,5,11,107
2026-06-01,1,2,1,22,26
2026-06-01,1,2,2,93,104
2026-06-01,1,2,3,352,45
2026-06-01,1,2,4,90,100
2026-06-01,1,2,5,3,78
2026-06-01,1,3,1,27,27
2026-06-01,1,3,2,87,99
2026-06-01,1,3,3,229,73
2026-06-01,1,3,4,63,84
2026-06-01,1,3,5,2,110
2026-06-01,1,4,1,25,25
2026-06-01,1,4,2,93,93
2026-06-01,1,4,3,225,67
2026-06-01,1,4,4,78,78
2026-06-01,1,4,5,5,112
2026-06-01,1,5,1,22,30
2026-06-01,1,5,2,82,108
2026-06-01,1,5,3,248,89
2026-06-01,1,5,4,67,75
2026-06-01,1,5,5,3,99
2026-06-01,1,6,1,24,27
2026-06-01,1,6,2,82,91
2026-06-01,1,6,3,344,66
2026-06-01,1,6,4,79,97
2026-06-01,1,6,5,10,80
2026-06-01,1,7,1,30,32
2026-06-01,1,7,2,99,104
2026-06-01,1,7,3,207,56
2026-06-01,1,7,4,71,100
2026-06-01,1,7,5,3,67
2026-06-01,1,8,1,26,26
2026-06-01,1,8,2,88,109
2026-06-01,1,8,3,147,83
2026-06-01,1,8,4,88,88
2026-06-01,1,8,5,1,42
2026-06-01,2,1,1,19,31
2026-06-01,2,1,2,85,90
2026-06-01,2,1,3,242,81
2026-06-01,2,1,4,85,89
2026-06-01,2,1,5,12,117
2026-06-01,2,2,1,22,32
2026-06-01,2,2,2,99,109
2026-06-01,2,2,3,296,63
2026-06-01,2,2,4,85,96
2026-06-01,2,2,5,2,78
2026-06-01,2,3,1,20,27
2026-06-01,2,3,2,86,90
2026-06-01,2,3,3,328,47
2026-06-01,2,3,4,72,75
2026-06-01,2,3,5,4,43
2026-06-01,2,4,1,28,32
2026-06-01,2,4,2,94,94
2026-06-01,2,4,3,231,55
2026-06-01,2,4,4,94,95
2026-06-01,2,4,5,2,64
2026-06-01,2,5,1,29,29
2026-06-01,2,5,2,84,104
2026-06-01,2,5,3,228,70
2026-06-01,2,5,4,67,75
2026-06-01,2,5,5,3,61
2026-06-01,2,6,1,25,32
2026-06-01,2,6,2,80,105
2026-06-01,2,6,3,269,68
2026-06-01,2,6,4,72,82
2026-06-01,2,6,5,10,77
2026-06-01,2,7,1,18,31
2026-06-01,2,7,2,80,100
2026-06-01,2,7,3,281,46
2026-06-01,2,7,4,87,97
2026-06-01,2,7,5,8,93
2026-06-01,2,8,1,18,29
2026-06-01,2,8,2,92,105
2026-06-01,2,8,3,251,71
2026-06-01,2,8,4,91,93
2026-06-01,2,8,5,12,69
2026-06-01,3,1,1,25,25
2026-06-01,3,1,2,90,90
2026-06-01,3,1,3,200,76
2026-06-01,3,1,4,64,92
2026-06-01,3,1,5,11,74
2026-06-01,3,2,1,25,31
2026-06-01,3,2,2,93,93
2026-06-01,3,2,3,360,79
2026-06-01,3,2,4,82,95
2026-06-01,3,2,5,12,97
2026-06-01,3,3,1,18,31
2026-06-01,3,3,2,89,95
2026-06-01,3,3,3,169,86
2026-06-01,3,3,4,82,90
2026-06-01,3,3,5,4,96
2026-06-01,3,4,1,27,28
2026-06-01,3,4,2,99,100
2026-06-01,3,4,3,288,85
2026-06-01,3,4,4,68,89
2026-06-01,3,4,5,12,77
2026-06-01,3,5,1,24,31
2026-06-01,3,5,2,91,110
2026-06-01,3,5,3,240,90
2026-06-01,3,5,4,70,100
2026-06-01,3,5,5,4,119
2026-06-01,3,6,1,29,29
2026-06-01,3,6,2,92,92
2026-06-01,3,6,3,164,48
2026-06-01,3,6,4,70,81
2026-06-01,3,6,5,8,117
2026-06-01,3,7,1,26,26
2026-06-01,3,7,2,95,103
2026-06-01,3,7,3,180,59
2026-06-01,3,7,4,81,81
2026-06-01,3,7,5,1,46
2026-06-01,3,8,1,22,30
2026-06-01,3,8,2,85,101
2026-06-01,3,8,3,331,51
2026-06-01,3,8,4,62,91
2026-06-01,3,8,5,6,48
2026-06-01,4,1,1,19,31
2026-06-01,4,1,2,87,109
2026-06-01,4,1,3,263,47
2026-06-01,4,1,4,82,82
2026-06-01,4,1,5,6,73
2026-06-01,4,2,1,30,30
2026-06-01,4,2,2,91,91
2026-06-01,4,2,3,349,57
2026-06-01,4,2,4,79,79
2026-06-01,4,2,5,11,117
2026-06-01,4,3,1,26,26
2026-06-01,4,3,2,91,91
2026-06-01,4,3,3,335,69
2026-06-01,4,3,4,67,99
2026-06-01,4,3,5,10,53
2026-06-01,4,4,1,26,26
2026-06-01,4,4,2,91,91
2026-06-01,4,4,3,162,46
2026-06-01,4,4,4,67,95
2026-06-01,4,4,5,6,66
2026-06-01,4,5,1,27,27
2026-06-01,4,5,2,94,99
2026-06-01,4,5,3,249,88
2026-06-01,4,5,4,66,90
2026-06-01,4,5,5,11,59
2026-06-01,4,6,1,23,30
2026-06-01,4,6,2,83,94
2026-06-01,4,6,3,232,52
2026-06-01,4,6,4,60,88
2026-06-01,4,6,5,8,71
2026-06-01,4,7,1,22,30
2026-06-01,4,7,2,85,106
2026-06-01,4,7,3,188,45
2026-06-01,4,7,4,86,86
2026-06-01,4,7,5,11,86
2026-06-01,4,8,1,20,28
2026-06-01,4,8,2,93,106
2026-06-01,4,8,3,178,90
2026-06-01,4,8,4,79,79
2026-06-01,4,8,5,7,92
2026-07-01,1,1,1,26,32
2026-07-01,1,1,2,80,101
2026-07-01,1,1,3,157,68
2026-07-01,1,1,4,60,99
2026-07-01,1,1,5,2,106
2026-07-01,1,2,1,23,26
2026-07-01,1,2,2,92,100
2026-07-01,1,2,3,162,89
2026-07-01,1,2,4,63,88
2026-07-01,1,2,5,1,90
2026-07-01,1,3,1,27,27
2026-07-01,1,3,2,91,91
2026-07-01,1,3,3,324,85
2026-07-01,1,3,4,93,96
2026-07-01,1,3,5,7,77
2026-07-01,1,4,1,28,31
2026-07-01,1,4,2,89,107
2026-07-01,1,4,3,310,86
2026-07-01,1,4,4,82,85
2026-07-01,1,4,5,5,41
2026-07-01,1,5,1,27,27
2026-07-01,1,5,2,94,102
2026-07-01,1,5,3,172,81
2026-07-01,1,5,4,88,92
2026-07-01,1,5,5,11,84
2026-07-01,1,6,1,30,31
2026-07-01,1,6,2,89,96
2026-07-01,1,6,3,129,45
2026-07-01,1,6,4,81,92
2026-07-01,1,6,5,12,89
2026-07-01,1,7,1,26,27
2026-07-01,1,7,2,89,107
2026-07-01,1,7,3,143,53
2026-07-01,1,7,4,91,91
2026-07-01,1,7,5,9,79
2026-07-01,1,8,1,30,30
2026-07-01,1,8,2,85,110
2026-07-01,1,8,3,127,41
2026-07-01,1,8,4,94,100
2026-07-01,1,8,5,5,115
2026-07-01,2,1,1,28,28
2026-07-01,2,1,2,93,99
2026-07-01,2,1,3,148,72
2026-07-01,2,1,4,63,98
2026-07-01,2,1,5,5,87
2026-07-01,2,2,1,19,30
2026-07-01,2,2,2,91,91
2026-07-01,2,2,3,234,47
2026-07-01,2,2,4,60,84
2026-07-01,2,2,5,6,98
2026-07-01,2,3,1,28,28
2026-07-01,2,3,2,98,108
2026-07-01,2,3,3,348,85
2026-07-01,2,3,4,94,95
2026-07-01,2,3,5,4,116
2026-07-01,2,4,1,22,30
2026-07-01,2,4,2,98,99
2026-07-01,2,4,3,155,83
2026-07-01,2,4,4,84,97
2026-07-01,2,4,5,12,106
2026-07-01,2,5,1,19,28
2026-07-01,2,5,2,96,100
2026-07-01,2,5,3,169,77
2026-07-01,2,5,4,83,99
2026-07-01,2,5,5,2,98
2026-07-01,2,6,1,27,27
2026-07-01,2,6,2,93,103
2026-07-01,2,6,3,143,45
2026-07-01,2,6,4,76,76
2026-07-01,2,6,5,8,56
2026-07-01,2,7,1,25,28
2026-07-01,2,7,2,91,92
2026-07-01,2,7,3,254,83
2026-07-01,2,7,4,87,87
2026-07-01,2,7,5,7,106
2026-07-01,2,8,1,27,29
2026-07-01,2,8,2,100,105
2026-07-01,2,8,3,232,67
2026-07-01,2,8,4,91,97
2026-07-01,2,8,5,3,93
2026-07-01,3,1,1,26,27
2026-07-01,3,1,2,94,94
2026-07-01,3,1,3,237,85
2026-07-01,3,1,4,79,79
2026-07-01,3,1,5,2,107
2026-07-01,3,2,1,25,28
2026-07-01,3,2,2,81,105
2026-07-01,3,2,3,160,87
2026-07-01,3,2,4,83,92
2026-07-01,3,2,5,10,55
2026-07-01,3,3,1,19,31
2026-07-01,3,3,2,91,93
2026-07-01,3,3,3,194,76
2026-07-01,3,3,4,76,76
2026-07-01,3,3,5,2,59
2026-07-01,3,4,1,22,30
2026-07-01,3,4,2,89,101
2026-07-01,3,4,3,244,58
2026-07-01,3,4,4,69,75
2026-07-01,3,4,5,10,58
2026-07-01,3,5,1,18,31
2026-07-01,3,5,2,89,99
2026-07-01,3,5,3,166,53
2026-07-01,3,5,4,91,98
2026-07-01,3,5,5,2,40
2026-07-01,3,6,1,19,30
2026-07-01,3,6,2,91,91
2026-07-01,3,6,3,266,70
2026-07-01,3,6,4,84,84
2026-07-01,3,6,5,7,83
2026-07-01,3,7,1,29,32
2026-07-01,3,7,2,84,109
2026-07-01,3,7,3,155,88
2026-07-01,3,7,4,89,91
2026-07-01,3,7,5,11,97
2026-07-01,3,8,1,20,32
2026-07-01,3,8,2,82,100
2026-07-01,3,8,3,290,79
2026-07-01,3,8,4,86,94
2026-07-01,3,8,5,4,89
2026-07-01,4,1,1,23,31
2026-07-01,4,1,2,81,107
2026-07-01,4,1,3,347,82
2026-07-01,4,1,4,77,89
2026-07-01,4,1,5,3,51
2026-07-01,4,2,1,25,25
2026-07-01,4,2,2,89,110
2026-07-01,4,2,3,285,75
2026-07-01,4,2,4,78,78
2026-07-01,4,2,5,4,50
2026-07-01,4,3,1,25,25
2026-07-01,4,3,2,86,106
2026-07-01,4,3,3,241,88
2026-07-01,4,3,4,61,91
2026-07-01,4,3,5,11,55
2026-07-01,4,4,1,18,27
2026-07-01,4,4,2,86,98
2026-07-01,4,4,3,332,55
2026-07-01,4,4,4,88,97
2026-07-01,4,4,5,9,50
2026-07-01,4,5,1,24,30
2026-07-01,4,5,2,81,108
2026-07-01,4,5,3,340,71
2026-07-01,4,5,4,75,75
2026-07-01,4,5,5,3,95
2026-07-01,4,6,1,18,31
2026-07-01,4,6,2,90,106
2026-07-01,4,6,3,185,64
2026-07-01,4,6,4,67,77
2026-07-01,4,6,5,9,52
2026-07-01,4,7,1,22,27
2026-07-01,4,7,2,85,94
2026-07-01,4,7,3,316,56
2026-07-01,4,7,4,69,77
2026-07-01,4,7,5,7,79
2026-07-01,4,8,1,18,27
2026-07-01,4,8,2,90,109
2026-07-01,4,8,3,126,51
2026-07-01,4,8,4,63,97
2026-07-01,4,8,5,7,78
